x,y,z
-3.0,-2.94,0.00363868725
-3.0,-2.88,0.004066476027
-3.0,-2.82,0.004534155121
-3.0,-2.76,0.005044047899
-3.0,-2.7,0.005598435776
-3.0,-2.64,0.006199531475
-3.0,-2.58,0.006849450136
-3.0,-2.52,0.007550178475
-3.0,-2.46,0.00830354221
-3.0,-2.4,0.009111172055
-3.0,-2.34,0.009974468624
-3.0,-2.28,0.010894566634
-3.0,-2.22,0.011872298868
-3.0,-2.16,0.012908160372
-3.0,-2.1,0.014002273444
-3.0,-2.04,0.015154353963
-3.0,-1.98,0.016363679685
-3.0,-1.92,0.017629061095
-3.0,-1.86,0.018948815464
-3.0,-1.8,0.020320744729
-3.0,-1.74,0.021742117801
-3.0,-1.68,0.023209657894
-3.0,-1.62,0.024719535403
-3.0,-1.56,0.026267366843
-3.0,-1.5,0.027848220248
-3.0,-1.44,0.029456627386
-3.0,-1.38,0.031086603044
-3.0,-1.32,0.032731671535
-3.0,-1.26,0.034384900464
-3.0,-1.2,0.036038941682
-3.0,-1.14,0.037686079237
-3.0,-1.08,0.039318283987
-3.0,-1.02,0.040927274449
-3.0,-0.96,0.042504583289
-3.0,-0.9,0.044041628791
-3.0,-0.84,0.045529790485
-3.0,-0.78,0.04696048806
-3.0,-0.72,0.048325262562
-3.0,-0.66,0.04961585882
-3.0,-0.6,0.050824308012
-3.0,-0.54,0.051943009194
-3.0,-0.48,0.052964808664
-3.0,-0.42,0.053883075982
-3.0,-0.36,0.054691775524
-3.0,-0.3,0.055385532507
-3.0,-0.24,0.05595969245
-3.0,-0.18,0.056410373168
-3.0,-0.12,0.056734508491
-3.0,-0.06,0.056929882996
-3.0,0.0,0.056995157229
-3.0,0.06,0.056929882996
-3.0,0.12,0.056734508491
-3.0,0.18,0.056410373168
-3.0,0.24,0.05595969245
-3.0,0.3,0.055385532507
-3.0,0.36,0.054691775524
-3.0,0.42,0.053883075982
-3.0,0.48,0.052964808664
-3.0,0.54,0.051943009194
-3.0,0.6,0.050824308012
-3.0,0.66,0.04961585882
-3.0,0.72,0.048325262562
-3.0,0.78,0.04696048806
-3.0,0.84,0.045529790485
-3.0,0.9,0.044041628791
-3.0,0.96,0.042504583289
-3.0,1.02,0.040927274449
-3.0,1.08,0.039318283987
-3.0,1.14,0.037686079237
-3.0,1.2,0.036038941682
-3.0,1.26,0.034384900464
-3.0,1.32,0.032731671535
-3.0,1.38,0.031086603044
-3.0,1.44,0.029456627386
-3.0,1.5,0.027848220248
-3.0,1.56,0.026267366843
-3.0,1.62,0.024719535403
-3.0,1.68,0.023209657894
-3.0,1.74,0.021742117801
-3.0,1.8,0.020320744729
-3.0,1.86,0.018948815464
-3.0,1.92,0.017629061095
-3.0,1.98,0.016363679685
-3.0,2.04,0.015154353963
-3.0,2.1,0.014002273444
-3.0,2.16,0.012908160372
-3.0,2.22,0.011872298868
-3.0,2.28,0.010894566634
-3.0,2.34,0.009974468624
-3.0,2.4,0.009111172055
-3.0,2.46,0.00830354221
-3.0,2.52,0.007550178475
-3.0,2.58,0.006849450136
-3.0,2.64,0.006199531475
-3.0,2.7,0.005598435776
-3.0,2.76,0.005044047899
-3.0,2.82,0.004534155121
-3.0,2.88,0.004066476027
-3.0,2.94,0.00363868725
-3.0,3.0,0.003248447948
-2.94,-2.94,0.004075806391
-2.94,-2.88,0.004554985862
-2.94,-2.82,0.005078847714
-2.94,-2.76,0.005649994421
-2.94,-2.7,0.006270981469
-2.94,-2.64,0.006944287395
-2.94,-2.58,0.007672281436
-2.94,-2.52,0.008457188972
-2.94,-2.46,0.009301055046
-2.94,-2.4,0.010205706273
-2.94,-2.34,0.011172711521
-2.94,-2.28,0.012203341826
-2.94,-2.22,0.013298530012
-2.94,-2.16,0.014458830596
-2.94,-2.1,0.015684380565
-2.94,-2.04,0.016974861671
-2.94,-1.98,0.018329464902
-2.94,-1.92,0.019746857847
-2.94,-1.86,0.021225155629
-2.94,-1.8,0.02276189613
-2.94,-1.74,0.024354020172
-2.94,-1.68,0.025997857324
-2.94,-1.62,0.027689117929
-2.94,-1.56,0.02942289191
-2.94,-1.5,0.031193654816
-2.94,-1.44,0.032995281512
-2.94,-1.38,0.034821067778
-2.94,-1.32,0.036663759993
-2.94,-1.26,0.038515592968
-2.94,-1.2,0.040368335813
-2.94,-1.14,0.04221334565
-2.94,-1.08,0.044041628791
-2.94,-1.02,0.045843908887
-2.94,-0.96,0.047610701417
-2.94,-0.9,0.049332393733
-2.94,-0.84,0.05099932978
-2.94,-0.78,0.052601898487
-2.94,-0.72,0.054130624716
-2.94,-0.66,0.055576261594
-2.94,-0.6,0.056929882996
-2.94,-0.54,0.058182974871
-2.94,-0.48,0.059327524135
-2.94,-0.42,0.060356103824
-2.94,-0.36,0.061261953252
-2.94,-0.3,0.062039051955
-2.94,-0.24,0.062682186306
-2.94,-0.18,0.06318700775
-2.94,-0.12,0.063550081774
-2.94,-0.06,0.063768926814
-2.94,0.0,0.063842042506
-2.94,0.06,0.063768926814
-2.94,0.12,0.063550081774
-2.94,0.18,0.06318700775
-2.94,0.24,0.062682186306
-2.94,0.3,0.062039051955
-2.94,0.36,0.061261953252
-2.94,0.42,0.060356103824
-2.94,0.48,0.059327524135
-2.94,0.54,0.058182974871
-2.94,0.6,0.056929882996
-2.94,0.66,0.055576261594
-2.94,0.72,0.054130624716
-2.94,0.78,0.052601898487
-2.94,0.84,0.05099932978
-2.94,0.9,0.049332393733
-2.94,0.96,0.047610701417
-2.94,1.02,0.045843908887
-2.94,1.08,0.044041628791
-2.94,1.14,0.04221334565
-2.94,1.2,0.040368335813
-2.94,1.26,0.038515592968
-2.94,1.32,0.036663759993
-2.94,1.38,0.034821067778
-2.94,1.44,0.032995281512
-2.94,1.5,0.031193654816
-2.94,1.56,0.02942289191
-2.94,1.62,0.027689117929
-2.94,1.68,0.025997857324
-2.94,1.74,0.024354020172
-2.94,1.8,0.02276189613
-2.94,1.86,0.021225155629
-2.94,1.92,0.019746857847
-2.94,1.98,0.018329464902
-2.94,2.04,0.016974861671
-2.94,2.1,0.015684380565
-2.94,2.16,0.014458830596
-2.94,2.22,0.013298530012
-2.94,2.28,0.012203341826
-2.94,2.34,0.011172711521
-2.94,2.4,0.010205706273
-2.94,2.46,0.009301055046
-2.94,2.52,0.008457188972
-2.94,2.58,0.007672281436
-2.94,2.64,0.006944287395
-2.94,2.7,0.006270981469
-2.94,2.76,0.005649994421
-2.94,2.82,0.005078847714
-2.94,2.88,0.004554985862
-2.94,2.94,0.004075806391
-2.94,3.0,0.00363868725
-2.88,-2.94,0.004554985862
-2.88,-2.88,0.005090500924
-2.88,-2.82,0.005675951532
-2.88,-2.76,0.006314246124
-2.88,-2.7,0.007008240625
-2.88,-2.64,0.007760704967
-2.88,-2.58,0.008574286929
-2.88,-2.52,0.009451473524
-2.88,-2.46,0.010394550223
-2.88,-2.4,0.01140555839
-2.88,-2.34,0.012486251341
-2.88,-2.28,0.013638049541
-2.88,-2.22,0.014861995485
-2.88,-2.16,0.016158708883
-2.88,-2.1,0.017528342827
-2.88,-2.04,0.018970541653
-2.88,-1.98,0.020484401237
-2.88,-1.92,0.022068432519
-2.88,-1.86,0.023720529025
-2.88,-1.8,0.025437939172
-2.88,-1.74,0.027217244125
-2.88,-1.68,0.029054341933
-2.88,-1.62,0.030944438617
-2.88,-1.56,0.032882046838
-2.88,-1.5,0.034860992653
-2.88,-1.44,0.036874430815
-2.88,-1.38,0.03891486891
-2.88,-1.32,0.040974200532
-2.88,-1.26,0.043043747564
-2.88,-1.2,0.045114311436
-2.88,-1.14,0.047176233156
-2.88,-1.08,0.049219461675
-2.88,-1.02,0.051233630055
-2.88,-0.96,0.05320813871
-2.88,-0.9,0.055132244863
-2.88,-0.84,0.056995157229
-2.88,-0.78,0.058786134793
-2.88,-0.72,0.060494588456
-2.88,-0.66,0.06211018422
-2.88,-0.6,0.063622946544
-2.88,-0.54,0.065023360407
-2.88,-0.48,0.066302470653
-2.88,-0.42,0.067451977153
-2.88,-0.36,0.06846432439
-2.88,-0.3,0.069332784093
-2.88,-0.24,0.070051529684
-2.88,-0.18,0.070615701365
-2.88,-0.12,0.071021460836
-2.88,-0.06,0.071266034784
-2.88,0.0,0.071347746453
-2.88,0.06,0.071266034784
-2.88,0.12,0.071021460836
-2.88,0.18,0.070615701365
-2.88,0.24,0.070051529684
-2.88,0.3,0.069332784093
-2.88,0.36,0.06846432439
-2.88,0.42,0.067451977153
-2.88,0.48,0.066302470653
-2.88,0.54,0.065023360407
-2.88,0.6,0.063622946544
-2.88,0.66,0.06211018422
-2.88,0.72,0.060494588456
-2.88,0.78,0.058786134793
-2.88,0.84,0.056995157229
-2.88,0.9,0.055132244863
-2.88,0.96,0.05320813871
-2.88,1.02,0.051233630055
-2.88,1.08,0.049219461675
-2.88,1.14,0.047176233156
-2.88,1.2,0.045114311436
-2.88,1.26,0.043043747564
-2.88,1.32,0.040974200532
-2.88,1.38,0.03891486891
-2.88,1.44,0.036874430815
-2.88,1.5,0.034860992653
-2.88,1.56,0.032882046838
-2.88,1.62,0.030944438617
-2.88,1.68,0.029054341933
-2.88,1.74,0.027217244125
-2.88,1.8,0.025437939172
-2.88,1.86,0.023720529025
-2.88,1.92,0.022068432519
-2.88,1.98,0.020484401237
-2.88,2.04,0.018970541653
-2.88,2.1,0.017528342827
-2.88,2.16,0.016158708883
-2.88,2.22,0.014861995485
-2.88,2.28,0.013638049541
-2.88,2.34,0.012486251341
-2.88,2.4,0.01140555839
-2.88,2.46,0.010394550223
-2.88,2.52,0.009451473524
-2.88,2.58,0.008574286929
-2.88,2.64,0.007760704967
-2.88,2.7,0.007008240625
-2.88,2.76,0.006314246124
-2.88,2.82,0.005675951532
-2.88,2.88,0.005090500924
-2.88,2.94,0.004554985862
-2.88,3.0,0.004066476027
-2.82,-2.94,0.005078847714
-2.82,-2.88,0.005675951532
-2.82,-2.82,0.006328733905
-2.82,-2.76,0.007040437767
-2.82,-2.7,0.007814247498
-2.82,-2.64,0.008653251596
-2.82,-2.58,0.009560402357
-2.82,-2.52,0.01053847282
-2.82,-2.46,0.011590011306
-2.82,-2.4,0.012717293952
-2.82,-2.34,0.013922275722
-2.82,-2.28,0.015206540445
-2.82,-2.22,0.016571250512
-2.82,-2.16,0.018017096904
-2.82,-2.1,0.019544250322
-2.82,-2.04,0.021152314196
-2.82,-1.98,0.02284028042
-2.82,-1.92,0.024606488681
-2.82,-1.86,0.026448590241
-2.82,-1.8,0.028363517062
-2.82,-1.74,0.030347457116
-2.82,-1.68,0.03239583669
-2.82,-1.62,0.03450331046
-2.82,-1.56,0.036663759993
-2.82,-1.5,0.038870301295
-2.82,-1.44,0.041115301854
-2.82,-1.38,0.043390407566
-2.82,-1.32,0.045686579721
-2.82,-1.26,0.047994142144
-2.82,-1.2,0.050302838352
-2.82,-1.14,0.052601898487
-2.82,-1.08,0.054880115546
-2.82,-1.02,0.057125930305
-2.82,-0.96,0.059327524135
-2.82,-0.9,0.061472918749
-2.82,-0.84,0.063550081774
-2.82,-0.78,0.065547036888
-2.82,-0.72,0.067451977153
-2.82,-0.66,0.069253380078
-2.82,-0.6,0.070940122849
-2.82,-0.54,0.072501596136
-2.82,-0.48,0.073927814865
-2.82,-0.42,0.075209524323
-2.82,-0.36,0.076338300044
-2.82,-0.3,0.077306639949
-2.82,-0.24,0.078108047355
-2.82,-0.18,0.078737103545
-2.82,-0.12,0.079189528782
-2.82,-0.06,0.079462230801
-2.82,0.0,0.079553340002
-2.82,0.06,0.079462230801
-2.82,0.12,0.079189528782
-2.82,0.18,0.078737103545
-2.82,0.24,0.078108047355
-2.82,0.3,0.077306639949
-2.82,0.36,0.076338300044
-2.82,0.42,0.075209524323
-2.82,0.48,0.073927814865
-2.82,0.54,0.072501596136
-2.82,0.6,0.070940122849
-2.82,0.66,0.069253380078
-2.82,0.72,0.067451977153
-2.82,0.78,0.065547036888
-2.82,0.84,0.063550081774
-2.82,0.9,0.061472918749
-2.82,0.96,0.059327524135
-2.82,1.02,0.057125930305
-2.82,1.08,0.054880115546
-2.82,1.14,0.052601898487
-2.82,1.2,0.050302838352
-2.82,1.26,0.047994142144
-2.82,1.32,0.045686579721
-2.82,1.38,0.043390407566
-2.82,1.44,0.041115301854
-2.82,1.5,0.038870301295
-2.82,1.56,0.036663759993
-2.82,1.62,0.03450331046
-2.82,1.68,0.03239583669
-2.82,1.74,0.030347457116
-2.82,1.8,0.028363517062
-2.82,1.86,0.026448590241
-2.82,1.92,0.024606488681
-2.82,1.98,0.02284028042
-2.82,2.04,0.021152314196
-2.82,2.1,0.019544250322
-2.82,2.16,0.018017096904
-2.82,2.22,0.016571250512
-2.82,2.28,0.015206540445
-2.82,2.34,0.013922275722
-2.82,2.4,0.012717293952
-2.82,2.46,0.011590011306
-2.82,2.52,0.01053847282
-2.82,2.58,0.009560402357
-2.82,2.64,0.008653251596
-2.82,2.7,0.007814247498
-2.82,2.76,0.007040437767
-2.82,2.82,0.006328733905
-2.82,2.88,0.005675951532
-2.82,2.94,0.005078847714
-2.82,3.0,0.004534155121
-2.76,-2.94,0.005649994421
-2.76,-2.88,0.006314246124
-2.76,-2.82,0.007040437767
-2.76,-2.76,0.007832176972
-2.76,-2.7,0.008693006221
-2.76,-2.64,0.009626361332
-2.76,-2.58,0.010635526604
-2.76,-2.52,0.011723586923
-2.76,-2.46,0.012893377182
-2.76,-2.4,0.014147429482
-2.76,-2.34,0.015487918637
-2.76,-2.28,0.016916606585
-2.76,-2.22,0.018434786436
-2.76,-2.16,0.020043226876
-2.76,-2.1,0.021742117801
-2.76,-2.04,0.023531018045
-2.76,-1.98,0.025408806136
-2.76,-1.92,0.027373635046
-2.76,-1.86,0.02942289191
-2.76,-1.8,0.03155316367
-2.76,-1.74,0.033760209611
-2.76,-1.68,0.036038941682
-2.76,-1.62,0.038383413443
-2.76,-1.56,0.040786818408
-2.76,-1.5,0.043241498435
-2.76,-1.44,0.045738962693
-2.76,-1.38,0.048269917606
-2.76,-1.32,0.050824308012
-2.76,-1.26,0.053391369587
-2.76,-1.2,0.05595969245
-2.76,-1.14,0.058517295605
-2.76,-1.08,0.061051711755
-2.76,-1.02,0.063550081774
-2.76,-0.96,0.065999257957
-2.76,-0.9,0.068385914987
-2.76,-0.84,0.070696667379
-2.76,-0.78,0.072918192002
-2.76,-0.72,0.075037354158
-2.76,-0.66,0.077041335583
-2.76,-0.6,0.078917762635
-2.76,-0.54,0.080654832903
-2.76,-0.48,0.082241438432
-2.76,-0.42,0.083667283761
-2.76,-0.36,0.084922997041
-2.76,-0.3,0.086000232542
-2.76,-0.24,0.086891762989
-2.76,-0.18,0.087591560298
-2.76,-0.12,0.088094863452
-2.76,-0.06,0.088398232438
-2.76,0.0,0.088499587412
-2.76,0.06,0.088398232438
-2.76,0.12,0.088094863452
-2.76,0.18,0.087591560298
-2.76,0.24,0.086891762989
-2.76,0.3,0.086000232542
-2.76,0.36,0.084922997041
-2.76,0.42,0.083667283761
-2.76,0.48,0.082241438432
-2.76,0.54,0.080654832903
-2.76,0.6,0.078917762635
-2.76,0.66,0.077041335583
-2.76,0.72,0.075037354158
-2.76,0.78,0.072918192002
-2.76,0.84,0.070696667379
-2.76,0.9,0.068385914987
-2.76,0.96,0.065999257957
-2.76,1.02,0.063550081774
-2.76,1.08,0.061051711755
-2.76,1.14,0.058517295605
-2.76,1.2,0.05595969245
-2.76,1.26,0.053391369587
-2.76,1.32,0.050824308012
-2.76,1.38,0.048269917606
-2.76,1.44,0.045738962693
-2.76,1.5,0.043241498435
-2.76,1.56,0.040786818408
-2.76,1.62,0.038383413443
-2.76,1.68,0.036038941682
-2.76,1.74,0.033760209611
-2.76,1.8,0.03155316367
-2.76,1.86,0.02942289191
-2.76,1.92,0.027373635046
-2.76,1.98,0.025408806136
-2.76,2.04,0.023531018045
-2.76,2.1,0.021742117801
-2.76,2.16,0.020043226876
-2.76,2.22,0.018434786436
-2.76,2.28,0.016916606585
-2.76,2.34,0.015487918637
-2.76,2.4,0.014147429482
-2.76,2.46,0.012893377182
-2.76,2.52,0.011723586923
-2.76,2.58,0.010635526604
-2.76,2.64,0.009626361332
-2.76,2.7,0.008693006221
-2.76,2.76,0.007832176972
-2.76,2.82,0.007040437767
-2.76,2.88,0.006314246124
-2.76,2.94,0.005649994421
-2.76,3.0,0.005044047899
-2.7,-2.94,0.006270981469
-2.7,-2.88,0.007008240625
-2.7,-2.82,0.007814247498
-2.7,-2.76,0.008693006221
-2.7,-2.7,0.009648448627
-2.7,-2.64,0.010684388164
-2.7,-2.58,0.011804470106
-2.7,-2.52,0.013012118395
-2.7,-2.46,0.014310479506
-2.7,-2.4,0.015702363843
-2.7,-2.34,0.017190185249
-2.7,-2.28,0.01877589932
-2.7,-2.22,0.020460941286
-2.7,-2.16,0.022246164322
-2.7,-2.1,0.024131779194
-2.7,-2.04,0.026117296249
-2.7,-1.98,0.028201470752
-2.7,-1.92,0.030382252673
-2.7,-1.86,0.032656741966
-2.7,-1.8,0.035021150447
-2.7,-1.74,0.037470771309
-2.7,-1.68,0.039999957273
-2.7,-1.62,0.042602108332
-2.7,-1.56,0.045269669903
-2.7,-1.5,0.047994142144
-2.7,-1.44,0.050766101001
-2.7,-1.38,0.05357523145
-2.7,-1.32,0.056410373168
-2.7,-1.26,0.059259578737
-2.7,-1.2,0.06211018422
-2.7,-1.14,0.0649488918
-2.7,-1.08,0.067761863908
-2.7,-1.02,0.070534828078
-2.7,-0.96,0.07325319155
-2.7,-0.9,0.075902164433
-2.7,-0.84,0.07846689005
-2.7,-0.78,0.080932580935
-2.7,-0.72,0.083284658763
-2.7,-0.66,0.085508896425
-2.7,-0.6,0.087591560298
-2.7,-0.54,0.08951955078
-2.7,-0.48,0.091280539044
-2.7,-0.42,0.092863098064
-2.7,-0.36,0.094256825938
-2.7,-0.3,0.095452459661
-2.7,-0.24,0.096441977614
-2.7,-0.18,0.097218689169
-2.7,-0.12,0.09777731003
-2.7,-0.06,0.098114022096
-2.7,0.0,0.098226516926
-2.7,0.06,0.098114022096
-2.7,0.12,0.09777731003
-2.7,0.18,0.097218689169
-2.7,0.24,0.096441977614
-2.7,0.3,0.095452459661
-2.7,0.36,0.094256825938
-2.7,0.42,0.092863098064
-2.7,0.48,0.091280539044
-2.7,0.54,0.08951955078
-2.7,0.6,0.087591560298
-2.7,0.66,0.085508896425
-2.7,0.72,0.083284658763
-2.7,0.78,0.080932580935
-2.7,0.84,0.07846689005
-2.7,0.9,0.075902164433
-2.7,0.96,0.07325319155
-2.7,1.02,0.070534828078
-2.7,1.08,0.067761863908
-2.7,1.14,0.0649488918
-2.7,1.2,0.06211018422
-2.7,1.26,0.059259578737
-2.7,1.32,0.056410373168
-2.7,1.38,0.05357523145
-2.7,1.44,0.050766101001
-2.7,1.5,0.047994142144
-2.7,1.56,0.045269669903
-2.7,1.62,0.042602108332
-2.7,1.68,0.039999957273
-2.7,1.74,0.037470771309
-2.7,1.8,0.035021150447
-2.7,1.86,0.032656741966
-2.7,1.92,0.030382252673
-2.7,1.98,0.028201470752
-2.7,2.04,0.026117296249
-2.7,2.1,0.024131779194
-2.7,2.16,0.022246164322
-2.7,2.22,0.020460941286
-2.7,2.28,0.01877589932
-2.7,2.34,0.017190185249
-2.7,2.4,0.015702363843
-2.7,2.46,0.014310479506
-2.7,2.52,0.013012118395
-2.7,2.58,0.011804470106
-2.7,2.64,0.010684388164
-2.7,2.7,0.009648448627
-2.7,2.76,0.008693006221
-2.7,2.82,0.007814247498
-2.7,2.88,0.007008240625
-2.7,2.94,0.006270981469
-2.7,3.0,0.005598435776
-2.64,-2.94,0.006944287395
-2.64,-2.88,0.007760704967
-2.64,-2.82,0.008653251596
-2.64,-2.76,0.009626361332
-2.64,-2.7,0.010684388164
-2.64,-2.64,0.011831554984
-2.64,-2.58,0.013071898453
-2.64,-2.52,0.014409210138
-2.64,-2.46,0.015846974344
-2.64,-2.4,0.017388303227
-2.64,-2.34,0.019035869798
-2.64,-2.28,0.020791839623
-2.64,-2.22,0.022657802031
-2.64,-2.16,0.024634701802
-2.64,-2.1,0.02672277233
-2.64,-2.04,0.028921471389
-2.64,-1.98,0.0312294206
-2.64,-1.92,0.033644349822
-2.64,-1.86,0.036163047638
-2.64,-1.8,0.038781319131
-2.64,-1.74,0.041493952131
-2.64,-1.68,0.044294693019
-2.64,-1.62,0.047176233156
-2.64,-1.56,0.050130206834
-2.64,-1.5,0.053147201595
-2.64,-1.44,0.05621678154
-2.64,-1.38,0.059327524135
-2.64,-1.32,0.062467070791
-2.64,-1.26,0.065622191311
-2.64,-1.2,0.068778862053
-2.64,-1.14,0.071922357432
-2.64,-1.08,0.075037354158
-2.64,-1.02,0.078108047355
-2.64,-0.96,0.081118277458
-2.64,-0.9,0.084051666608
-2.64,-0.84,0.086891762989
-2.64,-0.78,0.089622191426
-2.64,-0.72,0.092226808343
-2.64,-0.66,0.094689859084
-2.64,-0.6,0.096996135471
-2.64,-0.54,0.099131131415
-2.64,-0.48,0.101081194362
-2.64,-0.42,0.102833670384
-2.64,-0.36,0.104377040741
-2.64,-0.3,0.105701047873
-2.64,-0.24,0.106796808892
-2.64,-0.18,0.107656914809
-2.64,-0.12,0.108275513958
-2.64,-0.06,0.108648378296
-2.64,0.0,0.108772951528
-2.64,0.06,0.108648378296
-2.64,0.12,0.108275513958
-2.64,0.18,0.107656914809
-2.64,0.24,0.106796808892
-2.64,0.3,0.105701047873
-2.64,0.36,0.104377040741
-2.64,0.42,0.102833670384
-2.64,0.48,0.101081194362
-2.64,0.54,0.099131131415
-2.64,0.6,0.096996135471
-2.64,0.66,0.094689859084
-2.64,0.72,0.092226808343
-2.64,0.78,0.089622191426
-2.64,0.84,0.086891762989
-2.64,0.9,0.084051666608
-2.64,0.96,0.081118277458
-2.64,1.02,0.078108047355
-2.64,1.08,0.075037354158
-2.64,1.14,0.071922357432
-2.64,1.2,0.068778862053
-2.64,1.26,0.065622191311
-2.64,1.32,0.062467070791
-2.64,1.38,0.059327524135
-2.64,1.44,0.05621678154
-2.64,1.5,0.053147201595
-2.64,1.56,0.050130206834
-2.64,1.62,0.047176233156
-2.64,1.68,0.044294693019
-2.64,1.74,0.041493952131
-2.64,1.8,0.038781319131
-2.64,1.86,0.036163047638
-2.64,1.92,0.033644349822
-2.64,1.98,0.0312294206
-2.64,2.04,0.028921471389
-2.64,2.1,0.02672277233
-2.64,2.16,0.024634701802
-2.64,2.22,0.022657802031
-2.64,2.28,0.020791839623
-2.64,2.34,0.019035869798
-2.64,2.4,0.017388303227
-2.64,2.46,0.015846974344
-2.64,2.52,0.014409210138
-2.64,2.58,0.013071898453
-2.64,2.64,0.011831554984
-2.64,2.7,0.010684388164
-2.64,2.76,0.009626361332
-2.64,2.82,0.008653251596
-2.64,2.88,0.007760704967
-2.64,2.94,0.006944287395
-2.64,3.0,0.006199531475
-2.58,-2.94,0.007672281436
-2.58,-2.88,0.008574286929
-2.58,-2.82,0.009560402357
-2.58,-2.76,0.010635526604
-2.58,-2.7,0.011804470106
-2.58,-2.64,0.013071898453
-2.58,-2.58,0.014442271486
-2.58,-2.52,0.015919778251
-2.58,-2.46,0.01750826833
-2.58,-2.4,0.019211180133
-2.58,-2.34,0.021031466895
-2.58,-2.28,0.022971521205
-2.58,-2.22,0.025033099008
-2.58,-2.16,0.027217244125
-2.58,-2.1,0.029524214422
-2.58,-2.04,0.031953410826
-2.58,-1.98,0.03450331046
-2.58,-1.92,0.037171405196
-2.58,-1.86,0.039954146951
-2.58,-1.8,0.042846901042
-2.58,-1.74,0.045843908887
-2.58,-1.68,0.048938261281
-2.58,-1.62,0.052121883392
-2.58,-1.56,0.055385532507
-2.58,-1.5,0.058718809427
-2.58,-1.44,0.06211018422
-2.58,-1.38,0.065547036888
-2.58,-1.32,0.069015713248
-2.58,-1.26,0.072501596136
-2.58,-1.2,0.07598919176
-2.58,-1.14,0.079462230801
-2.58,-1.08,0.082903783576
-2.58,-1.02,0.086296388327
-2.58,-0.96,0.089622191426
-2.58,-0.9,0.092863098064
-2.58,-0.84,0.096000931726
-2.58,-0.78,0.099017600567
-2.58,-0.72,0.101895268624
-2.58,-0.66,0.104616529626
-2.58,-0.6,0.107164581069
-2.58,-0.54,0.109523396136
-2.58,-0.48,0.111677891032
-2.58,-0.42,0.113614085271
-2.58,-0.36,0.115319252564
-2.58,-0.3,0.116782060015
-2.58,-0.24,0.11799269351
-2.58,-0.18,0.118942967352
-2.58,-0.12,0.119626416423
-2.58,-0.06,0.120038369439
-2.58,0.0,0.12017600212
-2.58,0.06,0.120038369439
-2.58,0.12,0.119626416423
-2.58,0.18,0.118942967352
-2.58,0.24,0.11799269351
-2.58,0.3,0.116782060015
-2.58,0.36,0.115319252564
-2.58,0.42,0.113614085271
-2.58,0.48,0.111677891032
-2.58,0.54,0.109523396136
-2.58,0.6,0.107164581069
-2.58,0.66,0.104616529626
-2.58,0.72,0.101895268624
-2.58,0.78,0.099017600567
-2.58,0.84,0.096000931726
-2.58,0.9,0.092863098064
-2.58,0.96,0.089622191426
-2.58,1.02,0.086296388327
-2.58,1.08,0.082903783576
-2.58,1.14,0.079462230801
-2.58,1.2,0.07598919176
-2.58,1.26,0.072501596136
-2.58,1.32,0.069015713248
-2.58,1.38,0.065547036888
-2.58,1.44,0.06211018422
-2.58,1.5,0.058718809427
-2.58,1.56,0.055385532507
-2.58,1.62,0.052121883392
-2.58,1.68,0.048938261281
-2.58,1.74,0.045843908887
-2.58,1.8,0.042846901042
-2.58,1.86,0.039954146951
-2.58,1.92,0.037171405196
-2.58,1.98,0.03450331046
-2.58,2.04,0.031953410826
-2.58,2.1,0.029524214422
-2.58,2.16,0.027217244125
-2.58,2.22,0.025033099008
-2.58,2.28,0.022971521205
-2.58,2.34,0.021031466895
-2.58,2.4,0.019211180133
-2.58,2.46,0.01750826833
-2.58,2.52,0.015919778251
-2.58,2.58,0.014442271486
-2.58,2.64,0.013071898453
-2.58,2.7,0.011804470106
-2.58,2.76,0.010635526604
-2.58,2.82,0.009560402357
-2.58,2.88,0.008574286929
-2.58,2.94,0.007672281436
-2.58,3.0,0.006849450136
-2.52,-2.94,0.008457188972
-2.52,-2.88,0.009451473524
-2.52,-2.82,0.01053847282
-2.52,-2.76,0.011723586923
-2.52,-2.7,0.013012118395
-2.52,-2.64,0.014409210138
-2.52,-2.58,0.015919778251
-2.52,-2.52,0.017548440342
-2.52,-2.46,0.019299439818
-2.52,-2.4,0.021176566856
-2.52,-2.34,0.023183076817
-2.52,-2.28,0.025321607064
-2.52,-2.22,0.027594093183
-2.52,-2.16,0.030001685781
-2.52,-2.1,0.032544669106
-2.52,-2.04,0.035222382796
-2.52,-1.98,0.038033148179
-2.52,-1.92,0.040974200532
-2.52,-1.86,0.044041628791
-2.52,-1.8,0.047230324123
-2.52,-1.74,0.050533938818
-2.52,-1.68,0.05394485683
-2.52,-1.62,0.057454177236
-2.52,-1.56,0.061051711755
-2.52,-1.5,0.064725997304
-2.52,-1.44,0.06846432439
-2.52,-1.38,0.072252781933
-2.52,-1.32,0.07607631887
-2.52,-1.26,0.079918822636
-2.52,-1.2,0.08376321436
-2.52,-1.14,0.087591560298
-2.52,-1.08,0.091385198791
-2.52,-1.02,0.095124881664
-2.52,-0.96,0.098790928788
-2.52,-0.9,0.102363394177
-2.52,-0.84,0.105822241777
-2.52,-0.78,0.109147528873
-2.52,-0.72,0.112319594805
-2.52,-0.66,0.115319252564
-2.52,-0.6,0.118127980676
-2.52,-0.54,0.120728112716
-2.52,-0.48,0.123103021747
-2.52,-0.42,0.125237297022
-2.52,-0.36,0.127116910295
-2.52,-0.3,0.128729369267
-2.52,-0.24,0.1300638558
-2.52,-0.18,0.131111346761
-2.52,-0.12,0.131864715624
-2.52,-0.06,0.132318813213
-2.52,0.0,0.132470526313
-2.52,0.06,0.132318813213
-2.52,0.12,0.131864715624
-2.52,0.18,0.131111346761
-2.52,0.24,0.1300638558
-2.52,0.3,0.128729369267
-2.52,0.36,0.127116910295
-2.52,0.42,0.125237297022
-2.52,0.48,0.123103021747
-2.52,0.54,0.120728112716
-2.52,0.6,0.118127980676
-2.52,0.66,0.115319252564
-2.52,0.72,0.112319594805
-2.52,0.78,0.109147528873
-2.52,0.84,0.105822241777
-2.52,0.9,0.102363394177
-2.52,0.96,0.098790928788
-2.52,1.02,0.095124881664
-2.52,1.08,0.091385198791
-2.52,1.14,0.087591560298
-2.52,1.2,0.08376321436
-2.52,1.26,0.079918822636
-2.52,1.32,0.07607631887
-2.52,1.38,0.072252781933
-2.52,1.44,0.06846432439
-2.52,1.5,0.064725997304
-2.52,1.56,0.061051711755
-2.52,1.62,0.057454177236
-2.52,1.68,0.05394485683
-2.52,1.74,0.050533938818
-2.52,1.8,0.047230324123
-2.52,1.86,0.044041628791
-2.52,1.92,0.040974200532
-2.52,1.98,0.038033148179
-2.52,2.04,0.035222382796
-2.52,2.1,0.032544669106
-2.52,2.16,0.030001685781
-2.52,2.22,0.027594093183
-2.52,2.28,0.025321607064
-2.52,2.34,0.023183076817
-2.52,2.4,0.021176566856
-2.52,2.46,0.019299439818
-2.52,2.52,0.017548440342
-2.52,2.58,0.015919778251
-2.52,2.64,0.014409210138
-2.52,2.7,0.013012118395
-2.52,2.76,0.011723586923
-2.52,2.82,0.01053847282
-2.52,2.88,0.009451473524
-2.52,2.94,0.008457188972
-2.52,3.0,0.007550178475
-2.46,-2.94,0.009301055046
-2.46,-2.88,0.010394550223
-2.46,-2.82,0.011590011306
-2.46,-2.76,0.012893377182
-2.46,-2.7,0.014310479506
-2.46,-2.64,0.015846974344
-2.46,-2.58,0.01750826833
-2.46,-2.52,0.019299439818
-2.46,-2.46,0.021225155629
-2.46,-2.4,0.023289584124
-2.46,-2.34,0.025496305491
-2.46,-2.28,0.027848220248
-2.46,-2.22,0.030347457116
-2.46,-2.16,0.032995281512
-2.46,-2.1,0.035792006046
-2.46,-2.04,0.038736904466
-2.46,-1.98,0.041828130596
-2.46,-1.92,0.045062643852
-2.46,-1.86,0.048436142916
-2.46,-1.8,0.051943009194
-2.46,-1.74,0.055576261594
-2.46,-1.68,0.059327524135
-2.46,-1.62,0.06318700775
-2.46,-1.56,0.067143507565
-2.46,-1.5,0.071184416696
-2.46,-1.44,0.075295757488
-2.46,-1.38,0.079462230801
-2.46,-1.32,0.083667283761
-2.46,-1.26,0.087893196079
-2.46,-1.2,0.092121184735
-2.46,-1.14,0.096331526544
-2.46,-1.08,0.100503697765
-2.46,-1.02,0.104616529626
-2.46,-0.96,0.108648378296
-2.46,-0.9,0.112577307559
-2.46,-0.84,0.116381282146
-2.46,-0.78,0.120038369439
-2.46,-0.72,0.123526947019
-2.46,-0.66,0.126825913381
-2.46,-0.6,0.129914898962
-2.46,-0.54,0.132774474562
-2.46,-0.48,0.135386354195
-2.46,-0.42,0.137733589415
-2.46,-0.36,0.139800752224
-2.46,-0.3,0.141574103833
-2.46,-0.24,0.143041746655
-2.46,-0.18,0.144193757225
-2.46,-0.12,0.145022297925
-2.46,-0.06,0.145521705788
-2.46,0.0,0.14568855696
-2.46,0.06,0.145521705788
-2.46,0.12,0.145022297925
-2.46,0.18,0.144193757225
-2.46,0.24,0.143041746655
-2.46,0.3,0.141574103833
-2.46,0.36,0.139800752224
-2.46,0.42,0.137733589415
-2.46,0.48,0.135386354195
-2.46,0.54,0.132774474562
-2.46,0.6,0.129914898962
-2.46,0.66,0.126825913381
-2.46,0.72,0.123526947019
-2.46,0.78,0.120038369439
-2.46,0.84,0.116381282146
-2.46,0.9,0.112577307559
-2.46,0.96,0.108648378296
-2.46,1.02,0.104616529626
-2.46,1.08,0.100503697765
-2.46,1.14,0.096331526544
-2.46,1.2,0.092121184735
-2.46,1.26,0.087893196079
-2.46,1.32,0.083667283761
-2.46,1.38,0.079462230801
-2.46,1.44,0.075295757488
-2.46,1.5,0.071184416696
-2.46,1.56,0.067143507565
-2.46,1.62,0.06318700775
-2.46,1.68,0.059327524135
-2.46,1.74,0.055576261594
-2.46,1.8,0.051943009194
-2.46,1.86,0.048436142916
-2.46,1.92,0.045062643852
-2.46,1.98,0.041828130596
-2.46,2.04,0.038736904466
-2.46,2.1,0.035792006046
-2.46,2.16,0.032995281512
-2.46,2.22,0.030347457116
-2.46,2.28,0.027848220248
-2.46,2.34,0.025496305491
-2.46,2.4,0.023289584124
-2.46,2.46,0.021225155629
-2.46,2.52,0.019299439818
-2.46,2.58,0.01750826833
-2.46,2.64,0.015846974344
-2.46,2.7,0.014310479506
-2.46,2.76,0.012893377182
-2.46,2.82,0.011590011306
-2.46,2.88,0.010394550223
-2.46,2.94,0.009301055046
-2.46,3.0,0.00830354221
-2.4,-2.94,0.010205706273
-2.4,-2.88,0.01140555839
-2.4,-2.82,0.012717293952
-2.4,-2.76,0.014147429482
-2.4,-2.7,0.015702363843
-2.4,-2.64,0.017388303227
-2.4,-2.58,0.019211180133
-2.4,-2.52,0.021176566856
-2.4,-2.46,0.023289584124
-2.4,-2.4,0.02555480573
-2.4,-2.34,0.02797616008
-2.4,-2.28,0.030556829807
-2.4,-2.22,0.033299150678
-2.4,-2.16,0.03620451119
-2.4,-2.1,0.039273254357
-2.4,-2.04,0.042504583289
-2.4,-1.98,0.045896472248
-2.4,-1.92,0.049445584909
-2.4,-1.86,0.053147201595
-2.4,-1.8,0.056995157229
-2.4,-1.74,0.060981791716
-2.4,-1.68,0.065097914398
-2.4,-1.62,0.069332784093
-2.4,-1.56,0.073674106101
-2.4,-1.5,0.078108047355
-2.4,-1.44,0.082619270684
-2.4,-1.38,0.087190988904
-2.4,-1.32,0.091805039155
-2.4,-1.26,0.096441977614
-2.4,-1.2,0.101081194362
-2.4,-1.14,0.105701047873
-2.4,-1.08,0.1102790182
-2.4,-1.02,0.114791877624
-2.4,-0.96,0.119215877165
-2.4,-0.9,0.123526947019
-2.4,-0.84,0.127700908695
-2.4,-0.78,0.131713696335
-2.4,-0.72,0.135541584453
-2.4,-0.66,0.139161419141
-2.4,-0.6,0.142550849626
-2.4,-0.54,0.14568855696
-2.4,-0.48,0.148554476604
-2.4,-0.42,0.151130011646
-2.4,-0.36,0.153398233514
-2.4,-0.3,0.155344067136
-2.4,-0.24,0.156954457731
-2.4,-0.18,0.15821851664
-2.4,-0.12,0.159127643936
-2.4,-0.06,0.159675625851
-2.4,0.0,0.159858705517
-2.4,0.06,0.159675625851
-2.4,0.12,0.159127643936
-2.4,0.18,0.15821851664
-2.4,0.24,0.156954457731
-2.4,0.3,0.155344067136
-2.4,0.36,0.153398233514
-2.4,0.42,0.151130011646
-2.4,0.48,0.148554476604
-2.4,0.54,0.14568855696
-2.4,0.6,0.142550849626
-2.4,0.66,0.139161419141
-2.4,0.72,0.135541584453
-2.4,0.78,0.131713696335
-2.4,0.84,0.127700908695
-2.4,0.9,0.123526947019
-2.4,0.96,0.119215877165
-2.4,1.02,0.114791877624
-2.4,1.08,0.1102790182
-2.4,1.14,0.105701047873
-2.4,1.2,0.101081194362
-2.4,1.26,0.096441977614
-2.4,1.32,0.091805039155
-2.4,1.38,0.087190988904
-2.4,1.44,0.082619270684
-2.4,1.5,0.078108047355
-2.4,1.56,0.073674106101
-2.4,1.62,0.069332784093
-2.4,1.68,0.065097914398
-2.4,1.74,0.060981791716
-2.4,1.8,0.056995157229
-2.4,1.86,0.053147201595
-2.4,1.92,0.049445584909
-2.4,1.98,0.045896472248
-2.4,2.04,0.042504583289
-2.4,2.1,0.039273254357
-2.4,2.16,0.03620451119
-2.4,2.22,0.033299150678
-2.4,2.28,0.030556829807
-2.4,2.34,0.02797616008
-2.4,2.4,0.02555480573
-2.4,2.46,0.023289584124
-2.4,2.52,0.021176566856
-2.4,2.58,0.019211180133
-2.4,2.64,0.017388303227
-2.4,2.7,0.015702363843
-2.4,2.76,0.014147429482
-2.4,2.82,0.012717293952
-2.4,2.88,0.01140555839
-2.4,2.94,0.010205706273
-2.4,3.0,0.009111172055
-2.34,-2.94,0.011172711521
-2.34,-2.88,0.012486251341
-2.34,-2.82,0.013922275722
-2.34,-2.76,0.015487918637
-2.34,-2.7,0.017190185249
-2.34,-2.64,0.019035869798
-2.34,-2.58,0.021031466895
-2.34,-2.52,0.023183076817
-2.34,-2.46,0.025496305491
-2.34,-2.4,0.02797616008
-2.34,-2.34,0.030626941213
-2.34,-2.28,0.033452133084
-2.34,-2.22,0.036454292775
-2.34,-2.16,0.039634940346
-2.34,-2.1,0.042994451313
-2.34,-2.04,0.046531953277
-2.34,-1.98,0.05024522856
-2.34,-1.92,0.054130624716
-2.34,-1.86,0.058182974871
-2.34,-1.8,0.062395529798
-2.34,-1.74,0.066759903598
-2.34,-1.68,0.071266034784
-2.34,-1.62,0.075902164433
-2.34,-1.56,0.080654832903
-2.34,-1.5,0.085508896425
-2.34,-1.44,0.090447564609
-2.34,-1.38,0.095452459661
-2.34,-1.32,0.100503697765
-2.34,-1.26,0.105579992767
-2.34,-1.2,0.11065878193
-2.34,-1.14,0.115716373161
-2.34,-1.08,0.120728112716
-2.34,-1.02,0.125668572018
-2.34,-0.96,0.130511751835
-2.34,-0.9,0.135231301717
-2.34,-0.84,0.139800752224
-2.34,-0.78,0.144193757225
-2.34,-0.72,0.148384343211
-2.34,-0.66,0.152347162407
-2.34,-0.6,0.156057746273
-2.34,-0.54,0.159492755859
-2.34,-0.48,0.162630225483
-2.34,-0.42,0.16544979615
-2.34,-0.36,0.16793293528
-2.34,-0.3,0.170063139418
-2.34,-0.24,0.171826116822
-2.34,-0.18,0.173209947119
-2.34,-0.12,0.174205215524
-2.34,-0.06,0.174805119509
-2.34,0.0,0.175005546235
-2.34,0.06,0.174805119509
-2.34,0.12,0.174205215524
-2.34,0.18,0.173209947119
-2.34,0.24,0.171826116822
-2.34,0.3,0.170063139418
-2.34,0.36,0.16793293528
-2.34,0.42,0.16544979615
-2.34,0.48,0.162630225483
-2.34,0.54,0.159492755859
-2.34,0.6,0.156057746273
-2.34,0.66,0.152347162407
-2.34,0.72,0.148384343211
-2.34,0.78,0.144193757225
-2.34,0.84,0.139800752224
-2.34,0.9,0.135231301717
-2.34,0.96,0.130511751835
-2.34,1.02,0.125668572018
-2.34,1.08,0.120728112716
-2.34,1.14,0.115716373161
-2.34,1.2,0.11065878193
-2.34,1.26,0.105579992767
-2.34,1.32,0.100503697765
-2.34,1.38,0.095452459661
-2.34,1.44,0.090447564609
-2.34,1.5,0.085508896425
-2.34,1.56,0.080654832903
-2.34,1.62,0.075902164433
-2.34,1.68,0.071266034784
-2.34,1.74,0.066759903598
-2.34,1.8,0.062395529798
-2.34,1.86,0.058182974871
-2.34,1.92,0.054130624716
-2.34,1.98,0.05024522856
-2.34,2.04,0.046531953277
-2.34,2.1,0.042994451313
-2.34,2.16,0.039634940346
-2.34,2.22,0.036454292775
-2.34,2.28,0.033452133084
-2.34,2.34,0.030626941213
-2.34,2.4,0.02797616008
-2.34,2.46,0.025496305491
-2.34,2.52,0.023183076817
-2.34,2.58,0.021031466895
-2.34,2.64,0.019035869798
-2.34,2.7,0.017190185249
-2.34,2.76,0.015487918637
-2.34,2.82,0.013922275722
-2.34,2.88,0.012486251341
-2.34,2.94,0.011172711521
-2.34,3.0,0.009974468624
-2.28,-2.94,0.012203341826
-2.28,-2.88,0.013638049541
-2.28,-2.82,0.015206540445
-2.28,-2.76,0.016916606585
-2.28,-2.7,0.01877589932
-2.28,-2.64,0.020791839623
-2.28,-2.58,0.022971521205
-2.28,-2.52,0.025321607064
-2.28,-2.46,0.027848220248
-2.28,-2.4,0.030556829807
-2.28,-2.34,0.033452133084
-2.28,-2.28,0.036537935671
-2.28,-2.22,0.039817030532
-2.28,-2.16,0.043291077944
-2.28,-2.1,0.04696048806
-2.28,-2.04,0.050824308012
-2.28,-1.98,0.054880115546
-2.28,-1.92,0.059123921298
-2.28,-1.86,0.063550081774
-2.28,-1.8,0.068151225162
-2.28,-1.74,0.072918192002
-2.28,-1.68,0.077839992683
-2.28,-1.62,0.082903783576
-2.28,-1.56,0.088094863452
-2.28,-1.5,0.093396691597
-2.28,-1.44,0.098790928788
-2.28,-1.38,0.104257501966
-2.28,-1.32,0.109774693126
-2.28,-1.26,0.115319252564
-2.28,-1.2,0.120866536238
-2.28,-1.14,0.12639066657
-2.28,-1.08,0.131864715624
-2.28,-1.02,0.137260909155
-2.28,-0.96,0.142550849626
-2.28,-0.9,0.147705755877
-2.28,-0.84,0.152696716791
-2.28,-0.78,0.157494955927
-2.28,-0.72,0.162072103841
-2.28,-0.66,0.166400474546
-2.28,-0.6,0.170453342393
-2.28,-0.54,0.174205215524
-2.28,-0.48,0.177632102025
-2.28,-0.42,0.180711764879
-2.28,-0.36,0.183423961963
-2.28,-0.3,0.185750667455
-2.28,-0.24,0.187676271266
-2.28,-0.18,0.189187753426
-2.28,-0.12,0.19027483068
-2.28,-0.06,0.190930072998
-2.28,0.0,0.191148988151
-2.28,0.06,0.190930072998
-2.28,0.12,0.19027483068
-2.28,0.18,0.189187753426
-2.28,0.24,0.187676271266
-2.28,0.3,0.185750667455
-2.28,0.36,0.183423961963
-2.28,0.42,0.180711764879
-2.28,0.48,0.177632102025
-2.28,0.54,0.174205215524
-2.28,0.6,0.170453342393
-2.28,0.66,0.166400474546
-2.28,0.72,0.162072103841
-2.28,0.78,0.157494955927
-2.28,0.84,0.152696716791
-2.28,0.9,0.147705755877
-2.28,0.96,0.142550849626
-2.28,1.02,0.137260909155
-2.28,1.08,0.131864715624
-2.28,1.14,0.12639066657
-2.28,1.2,0.120866536238
-2.28,1.26,0.115319252564
-2.28,1.32,0.109774693126
-2.28,1.38,0.104257501966
-2.28,1.44,0.098790928788
-2.28,1.5,0.093396691597
-2.28,1.56,0.088094863452
-2.28,1.62,0.082903783576
-2.28,1.68,0.077839992683
-2.28,1.74,0.072918192002
-2.28,1.8,0.068151225162
-2.28,1.86,0.063550081774
-2.28,1.92,0.059123921298
-2.28,1.98,0.054880115546
-2.28,2.04,0.050824308012
-2.28,2.1,0.04696048806
-2.28,2.16,0.043291077944
-2.28,2.22,0.039817030532
-2.28,2.28,0.036537935671
-2.28,2.34,0.033452133084
-2.28,2.4,0.030556829807
-2.28,2.46,0.027848220248
-2.28,2.52,0.025321607064
-2.28,2.58,0.022971521205
-2.28,2.64,0.020791839623
-2.28,2.7,0.01877589932
-2.28,2.76,0.016916606585
-2.28,2.82,0.015206540445
-2.28,2.88,0.013638049541
-2.28,2.94,0.012203341826
-2.28,3.0,0.010894566634
-2.22,-2.94,0.013298530012
-2.22,-2.88,0.014861995485
-2.22,-2.82,0.016571250512
-2.22,-2.76,0.018434786436
-2.22,-2.7,0.020460941286
-2.22,-2.64,0.022657802031
-2.22,-2.58,0.025033099008
-2.22,-2.52,0.027594093183
-2.22,-2.46,0.030347457116
-2.22,-2.4,0.033299150678
-2.22,-2.34,0.036454292775
-2.22,-2.28,0.039817030532
-2.22,-2.22,0.043390407566
-2.22,-2.16,0.047176233156
-2.22,-2.1,0.051174954265
-2.22,-2.04,0.055385532507
-2.22,-1.98,0.059805328248
-2.22,-1.92,0.064429994094
-2.22,-1.86,0.069253380078
-2.22,-1.8,0.074267452805
-2.22,-1.74,0.079462230801
-2.22,-1.68,0.084825738191
-2.22,-1.62,0.090343978696
-2.22,-1.56,0.096000931726
-2.22,-1.5,0.101778572122
-2.22,-1.44,0.107656914809
-2.22,-1.38,0.113614085271
-2.22,-1.32,0.119626416423
-2.22,-1.26,0.125668572018
-2.22,-1.2,0.131713696335
-2.22,-1.14,0.137733589415
-2.22,-1.08,0.143698906675
-2.22,-1.02,0.149579381273
-2.22,-0.96,0.155344067136
-2.22,-0.9,0.160961600142
-2.22,-0.84,0.166400474546
-2.22,-0.78,0.171629331367
-2.22,-0.72,0.176617255148
-2.22,-0.66,0.181334075225
-2.22,-0.6,0.185750667455
-2.22,-0.54,0.189839252217
-2.22,-0.48,0.193573684443
-2.22,-0.42,0.196929731456
-2.22,-0.36,0.199885334506
-2.22,-0.3,0.202420850044
-2.22,-0.24,0.204519267054
-2.22,-0.18,0.206166397091
-2.22,-0.12,0.207351034028
-2.22,-0.06,0.208065081029
-2.22,0.0,0.208303642709
-2.22,0.06,0.208065081029
-2.22,0.12,0.207351034028
-2.22,0.18,0.206166397091
-2.22,0.24,0.204519267054
-2.22,0.3,0.202420850044
-2.22,0.36,0.199885334506
-2.22,0.42,0.196929731456
-2.22,0.48,0.193573684443
-2.22,0.54,0.189839252217
-2.22,0.6,0.185750667455
-2.22,0.66,0.181334075225
-2.22,0.72,0.176617255148
-2.22,0.78,0.171629331367
-2.22,0.84,0.166400474546
-2.22,0.9,0.160961600142
-2.22,0.96,0.155344067136
-2.22,1.02,0.149579381273
-2.22,1.08,0.143698906675
-2.22,1.14,0.137733589415
-2.22,1.2,0.131713696335
-2.22,1.26,0.125668572018
-2.22,1.32,0.119626416423
-2.22,1.38,0.113614085271
-2.22,1.44,0.107656914809
-2.22,1.5,0.101778572122
-2.22,1.56,0.096000931726
-2.22,1.62,0.090343978696
-2.22,1.68,0.084825738191
-2.22,1.74,0.079462230801
-2.22,1.8,0.074267452805
-2.22,1.86,0.069253380078
-2.22,1.92,0.064429994094
-2.22,1.98,0.059805328248
-2.22,2.04,0.055385532507
-2.22,2.1,0.051174954265
-2.22,2.16,0.047176233156
-2.22,2.22,0.043390407566
-2.22,2.28,0.039817030532
-2.22,2.34,0.036454292775
-2.22,2.4,0.033299150678
-2.22,2.46,0.030347457116
-2.22,2.52,0.027594093183
-2.22,2.58,0.025033099008
-2.22,2.64,0.022657802031
-2.22,2.7,0.020460941286
-2.22,2.76,0.018434786436
-2.22,2.82,0.016571250512
-2.22,2.88,0.014861995485
-2.22,2.94,0.013298530012
-2.22,3.0,0.011872298868
-2.16,-2.94,0.014458830596
-2.16,-2.88,0.016158708883
-2.16,-2.82,0.018017096904
-2.16,-2.76,0.020043226876
-2.16,-2.7,0.022246164322
-2.16,-2.64,0.024634701802
-2.16,-2.58,0.027217244125
-2.16,-2.52,0.030001685781
-2.16,-2.46,0.032995281512
-2.16,-2.4,0.03620451119
-2.16,-2.34,0.039634940346
-2.16,-2.28,0.043291077944
-2.16,-2.22,0.047176233156
-2.16,-2.16,0.051292373121
-2.16,-2.1,0.055639983802
-2.16,-2.04,0.060217936212
-2.16,-1.98,0.065023360407
-2.16,-1.92,0.070051529684
-2.16,-1.86,0.075295757488
-2.16,-1.8,0.080747309509
-2.16,-1.74,0.086395333384
-2.16,-1.68,0.092226808343
-2.16,-1.62,0.098226516926
-2.16,-1.56,0.104377040741
-2.16,-1.5,0.11065878193
-2.16,-1.44,0.117050011714
-2.16,-1.38,0.123526947019
-2.16,-1.32,0.1300638558
-2.16,-1.26,0.136633191215
-2.16,-1.2,0.143205754374
-2.16,-1.14,0.149750884864
-2.16,-1.08,0.156236677778
-2.16,-1.02,0.162630225483
-2.16,-0.96,0.168897881852
-2.16,-0.9,0.175005546235
-2.16,-0.84,0.180918964001
-2.16,-0.78,0.18660404009
-2.16,-0.72,0.192027161661
-2.16,-0.66,0.197155525651
-2.16,-0.6,0.201957466829
-2.16,-0.54,0.206402781792
-2.16,-0.48,0.210463044308
-2.16,-0.42,0.214111907392
-2.16,-0.36,0.217325387662
-2.16,-0.3,0.220082127662
-2.16,-0.24,0.222363632163
-2.16,-0.18,0.224154474771
-2.16,-0.12,0.225442471623
-2.16,-0.06,0.226218819431
-2.16,0.0,0.226478195686
-2.16,0.06,0.226218819431
-2.16,0.12,0.225442471623
-2.16,0.18,0.224154474771
-2.16,0.24,0.222363632163
-2.16,0.3,0.220082127662
-2.16,0.36,0.217325387662
-2.16,0.42,0.214111907392
-2.16,0.48,0.210463044308
-2.16,0.54,0.206402781792
-2.16,0.6,0.201957466829
-2.16,0.66,0.197155525651
-2.16,0.72,0.192027161661
-2.16,0.78,0.18660404009
-2.16,0.84,0.180918964001
-2.16,0.9,0.175005546235
-2.16,0.96,0.168897881852
-2.16,1.02,0.162630225483
-2.16,1.08,0.156236677778
-2.16,1.14,0.149750884864
-2.16,1.2,0.143205754374
-2.16,1.26,0.136633191215
-2.16,1.32,0.1300638558
-2.16,1.38,0.123526947019
-2.16,1.44,0.117050011714
-2.16,1.5,0.11065878193
-2.16,1.56,0.104377040741
-2.16,1.62,0.098226516926
-2.16,1.68,0.092226808343
-2.16,1.74,0.086395333384
-2.16,1.8,0.080747309509
-2.16,1.86,0.075295757488
-2.16,1.92,0.070051529684
-2.16,1.98,0.065023360407
-2.16,2.04,0.060217936212
-2.16,2.1,0.055639983802
-2.16,2.16,0.051292373121
-2.16,2.22,0.047176233156
-2.16,2.28,0.043291077944
-2.16,2.34,0.039634940346
-2.16,2.4,0.03620451119
-2.16,2.46,0.032995281512
-2.16,2.52,0.030001685781
-2.16,2.58,0.027217244125
-2.16,2.64,0.024634701802
-2.16,2.7,0.022246164322
-2.16,2.76,0.020043226876
-2.16,2.82,0.018017096904
-2.16,2.88,0.016158708883
-2.16,2.94,0.014458830596
-2.16,3.0,0.012908160372
-2.1,-2.94,0.015684380565
-2.1,-2.88,0.017528342827
-2.1,-2.82,0.019544250322
-2.1,-2.76,0.021742117801
-2.1,-2.7,0.024131779194
-2.1,-2.64,0.02672277233
-2.1,-2.58,0.029524214422
-2.1,-2.52,0.032544669106
-2.1,-2.46,0.035792006046
-2.1,-2.4,0.039273254357
-2.1,-2.34,0.042994451313
-2.1,-2.28,0.04696048806
-2.1,-2.22,0.051174954265
-2.1,-2.16,0.055639983802
-2.1,-2.1,0.060356103824
-2.1,-2.04,0.065322089651
-2.1,-1.98,0.070534828078
-2.1,-1.92,0.07598919176
-2.1,-1.86,0.081677927381
-2.1,-1.8,0.087591560298
-2.1,-1.74,0.09371831829
-2.1,-1.68,0.100044076927
-2.1,-1.62,0.106552328896
-2.1,-1.56,0.113224179399
-2.1,-1.5,0.120038369439
-2.1,-1.44,0.126971328474
-2.1,-1.38,0.133997257546
-2.1,-1.32,0.141088243525
-2.1,-1.26,0.148214404665
-2.1,-1.2,0.155344067136
-2.1,-1.14,0.162443971708
-2.1,-1.08,0.169479509171
-2.1,-1.02,0.176414982598
-2.1,-0.96,0.183213893969
-2.1,-0.9,0.189839252217
-2.1,-0.84,0.196253899243
-2.1,-0.78,0.202420850044
-2.1,-0.72,0.208303642709
-2.1,-0.66,0.213866693743
-2.1,-0.6,0.219075653927
-2.1,-0.54,0.223897759779
-2.1,-0.48,0.228302175618
-2.1,-0.42,0.232260321256
-2.1,-0.36,0.235746180444
-2.1,-0.3,0.238736585443
-2.1,-0.24,0.24121147334
-2.1,-0.18,0.243154110181
-2.1,-0.12,0.244551279383
-2.1,-0.06,0.245393431477
-2.1,0.0,0.245674792813
-2.1,0.06,0.245393431477
-2.1,0.12,0.244551279383
-2.1,0.18,0.243154110181
-2.1,0.24,0.24121147334
-2.1,0.3,0.238736585443
-2.1,0.36,0.235746180444
-2.1,0.42,0.232260321256
-2.1,0.48,0.228302175618
-2.1,0.54,0.223897759779
-2.1,0.6,0.219075653927
-2.1,0.66,0.213866693743
-2.1,0.72,0.208303642709
-2.1,0.78,0.202420850044
-2.1,0.84,0.196253899243
-2.1,0.9,0.189839252217
-2.1,0.96,0.183213893969
-2.1,1.02,0.176414982598
-2.1,1.08,0.169479509171
-2.1,1.14,0.162443971708
-2.1,1.2,0.155344067136
-2.1,1.26,0.148214404665
-2.1,1.32,0.141088243525
-2.1,1.38,0.133997257546
-2.1,1.44,0.126971328474
-2.1,1.5,0.120038369439
-2.1,1.56,0.113224179399
-2.1,1.62,0.106552328896
-2.1,1.68,0.100044076927
-2.1,1.74,0.09371831829
-2.1,1.8,0.087591560298
-2.1,1.86,0.081677927381
-2.1,1.92,0.07598919176
-2.1,1.98,0.070534828078
-2.1,2.04,0.065322089651
-2.1,2.1,0.060356103824
-2.1,2.16,0.055639983802
-2.1,2.22,0.051174954265
-2.1,2.28,0.04696048806
-2.1,2.34,0.042994451313
-2.1,2.4,0.039273254357
-2.1,2.46,0.035792006046
-2.1,2.52,0.032544669106
-2.1,2.58,0.029524214422
-2.1,2.64,0.02672277233
-2.1,2.7,0.024131779194
-2.1,2.76,0.021742117801
-2.1,2.82,0.019544250322
-2.1,2.88,0.017528342827
-2.1,2.94,0.015684380565
-2.1,3.0,0.014002273444
-2.04,-2.94,0.016974861671
-2.04,-2.88,0.018970541653
-2.04,-2.82,0.021152314196
-2.04,-2.76,0.023531018045
-2.04,-2.7,0.026117296249
-2.04,-2.64,0.028921471389
-2.04,-2.58,0.031953410826
-2.04,-2.52,0.035222382796
-2.04,-2.46,0.038736904466
-2.04,-2.4,0.042504583289
-2.04,-2.34,0.046531953277
-2.04,-2.28,0.050824308012
-2.04,-2.22,0.055385532507
-2.04,-2.16,0.060217936212
-2.04,-2.1,0.065322089651
-2.04,-2.04,0.070696667379
-2.04,-1.98,0.076338300044
-2.04,-1.92,0.082241438432
-2.04,-1.86,0.088398232438
-2.04,-1.8,0.094798427863
-2.04,-1.74,0.101429283891
-2.04,-1.68,0.108275513958
-2.04,-1.62,0.115319252564
-2.04,-1.56,0.122540050281
-2.04,-1.5,0.129914898962
-2.04,-1.44,0.137418288726
-2.04,-1.38,0.145022297925
-2.04,-1.32,0.152696716791
-2.04,-1.26,0.160409204963
-2.04,-1.2,0.16812548255
-2.04,-1.14,0.175809553812
-2.04,-1.08,0.183423961963
-2.04,-1.02,0.190930072998
-2.04,-0.96,0.19828838591
-2.04,-0.9,0.205458866078
-2.04,-0.84,0.212401298104
-2.04,-0.78,0.219075653927
-2.04,-0.72,0.225442471623
-2.04,-0.66,0.231463239953
-2.04,-0.6,0.237100783508
-2.04,-0.54,0.242319643089
-2.04,-0.48,0.247086445916
-2.04,-0.42,0.251370260275
-2.04,-0.36,0.255142929351
-2.04,-0.3,0.258379379204
-2.04,-0.24,0.261057896187
-2.04,-0.18,0.263160369506
-2.04,-0.12,0.264672495141
-2.04,-0.06,0.265583937913
-2.04,0.0,0.265888449127
-2.04,0.06,0.265583937913
-2.04,0.12,0.264672495141
-2.04,0.18,0.263160369506
-2.04,0.24,0.261057896187
-2.04,0.3,0.258379379204
-2.04,0.36,0.255142929351
-2.04,0.42,0.251370260275
-2.04,0.48,0.247086445916
-2.04,0.54,0.242319643089
-2.04,0.6,0.237100783508
-2.04,0.66,0.231463239953
-2.04,0.72,0.225442471623
-2.04,0.78,0.219075653927
-2.04,0.84,0.212401298104
-2.04,0.9,0.205458866078
-2.04,0.96,0.19828838591
-2.04,1.02,0.190930072998
-2.04,1.08,0.183423961963
-2.04,1.14,0.175809553812
-2.04,1.2,0.16812548255
-2.04,1.26,0.160409204963
-2.04,1.32,0.152696716791
-2.04,1.38,0.145022297925
-2.04,1.44,0.137418288726
-2.04,1.5,0.129914898962
-2.04,1.56,0.122540050281
-2.04,1.62,0.115319252564
-2.04,1.68,0.108275513958
-2.04,1.74,0.101429283891
-2.04,1.8,0.094798427863
-2.04,1.86,0.088398232438
-2.04,1.92,0.082241438432
-2.04,1.98,0.076338300044
-2.04,2.04,0.070696667379
-2.04,2.1,0.065322089651
-2.04,2.16,0.060217936212
-2.04,2.22,0.055385532507
-2.04,2.28,0.050824308012
-2.04,2.34,0.046531953277
-2.04,2.4,0.042504583289
-2.04,2.46,0.038736904466
-2.04,2.52,0.035222382796
-2.04,2.58,0.031953410826
-2.04,2.64,0.028921471389
-2.04,2.7,0.026117296249
-2.04,2.76,0.023531018045
-2.04,2.82,0.021152314196
-2.04,2.88,0.018970541653
-2.04,2.94,0.016974861671
-2.04,3.0,0.015154353963
-1.98,-2.94,0.018329464902
-1.98,-2.88,0.020484401237
-1.98,-2.82,0.02284028042
-1.98,-2.76,0.025408806136
-1.98,-2.7,0.028201470752
-1.98,-2.64,0.0312294206
-1.98,-2.58,0.03450331046
-1.98,-2.52,0.038033148179
-1.98,-2.46,0.041828130596
-1.98,-2.4,0.045896472248
-1.98,-2.34,0.05024522856
-1.98,-2.28,0.054880115546
-1.98,-2.22,0.059805328248
-1.98,-2.16,0.065023360407
-1.98,-2.1,0.070534828078
-1.98,-2.04,0.076338300044
-1.98,-1.98,0.082430138076
-1.98,-1.92,0.088804350131
-1.98,-1.86,0.095452459661
-1.98,-1.8,0.102363394177
-1.98,-1.74,0.109523396136
-1.98,-1.68,0.116915959102
-1.98,-1.62,0.124521791895
-1.98,-1.56,0.132318813213
-1.98,-1.5,0.140282178846
-1.98,-1.44,0.148384343211
-1.98,-1.38,0.156595156497
-1.98,-1.32,0.164881998179
-1.98,-1.26,0.173209947119
-1.98,-1.2,0.181541987871
-1.98,-1.14,0.189839252217
-1.98,-1.08,0.198061294296
-1.98,-1.02,0.206166397091
-1.98,-0.96,0.214111907392
-1.98,-0.9,0.221854595793
-1.98,-0.84,0.229351037686
-1.98,-0.78,0.236558010749
-1.98,-0.72,0.243432903974
-1.98,-0.66,0.249934132904
-1.98,-0.6,0.256021555514
-1.98,-0.54,0.26165688294
-1.98,-0.48,0.266804079235
-1.98,-0.42,0.271429744319
-1.98,-0.36,0.275503474447
-1.98,-0.3,0.278998194767
-1.98,-0.24,0.281890458868
-1.98,-0.18,0.284160710705
-1.98,-0.12,0.285793504792
-1.98,-0.06,0.286777681195
-1.98,0.0,0.28710649257
-1.98,0.06,0.286777681195
-1.98,0.12,0.285793504792
-1.98,0.18,0.284160710705
-1.98,0.24,0.281890458868
-1.98,0.3,0.278998194767
-1.98,0.36,0.275503474447
-1.98,0.42,0.271429744319
-1.98,0.48,0.266804079235
-1.98,0.54,0.26165688294
-1.98,0.6,0.256021555514
-1.98,0.66,0.249934132904
-1.98,0.72,0.243432903974
-1.98,0.78,0.236558010749
-1.98,0.84,0.229351037686
-1.98,0.9,0.221854595793
-1.98,0.96,0.214111907392
-1.98,1.02,0.206166397091
-1.98,1.08,0.198061294296
-1.98,1.14,0.189839252217
-1.98,1.2,0.181541987871
-1.98,1.26,0.173209947119
-1.98,1.32,0.164881998179
-1.98,1.38,0.156595156497
-1.98,1.44,0.148384343211
-1.98,1.5,0.140282178846
-1.98,1.56,0.132318813213
-1.98,1.62,0.124521791895
-1.98,1.68,0.116915959102
-1.98,1.74,0.109523396136
-1.98,1.8,0.102363394177
-1.98,1.86,0.095452459661
-1.98,1.92,0.088804350131
-1.98,1.98,0.082430138076
-1.98,2.04,0.076338300044
-1.98,2.1,0.070534828078
-1.98,2.16,0.065023360407
-1.98,2.22,0.059805328248
-1.98,2.28,0.054880115546
-1.98,2.34,0.05024522856
-1.98,2.4,0.045896472248
-1.98,2.46,0.041828130596
-1.98,2.52,0.038033148179
-1.98,2.58,0.03450331046
-1.98,2.64,0.0312294206
-1.98,2.7,0.028201470752
-1.98,2.76,0.025408806136
-1.98,2.82,0.02284028042
-1.98,2.88,0.020484401237
-1.98,2.94,0.018329464902
-1.98,3.0,0.016363679685
-1.92,-2.94,0.019746857847
-1.92,-2.88,0.022068432519
-1.92,-2.82,0.024606488681
-1.92,-2.76,0.027373635046
-1.92,-2.7,0.030382252673
-1.92,-2.64,0.033644349822
-1.92,-2.58,0.037171405196
-1.92,-2.52,0.040974200532
-1.92,-2.46,0.045062643852
-1.92,-2.4,0.049445584909
-1.92,-2.34,0.054130624716
-1.92,-2.28,0.059123921298
-1.92,-2.22,0.064429994094
-1.92,-2.16,0.070051529684
-1.92,-2.1,0.07598919176
-1.92,-2.04,0.082241438432
-1.92,-1.98,0.088804350131
-1.92,-1.92,0.095671471458
-1.92,-1.86,0.102833670384
-1.92,-1.8,0.1102790182
-1.92,-1.74,0.11799269351
-1.92,-1.68,0.125956913458
-1.92,-1.62,0.134150895103
-1.92,-1.56,0.142550849626
-1.92,-1.5,0.151130011646
-1.92,-1.44,0.159858705517
-1.92,-1.38,0.168704449986
-1.92,-1.32,0.177632102025
-1.92,-1.26,0.18660404009
-1.92,-1.2,0.195580386381
-1.92,-1.14,0.204519267054
-1.92,-1.08,0.213377108624
-1.92,-1.02,0.22210896815
-1.92,-0.96,0.23066889411
-1.92,-0.9,0.239010314223
-1.92,-0.84,0.247086445916
-1.92,-0.78,0.254850724543
-1.92,-0.72,0.262257244043
-1.92,-0.66,0.26926120429
-1.92,-0.6,0.275819359128
-1.92,-0.54,0.281890458868
-1.92,-0.48,0.287435680951
-1.92,-0.42,0.292419042514
-1.92,-0.36,0.296807788731
-1.92,-0.3,0.300572751087
-1.92,-0.24,0.303688670093
-1.92,-0.18,0.306134477461
-1.92,-0.12,0.307893533325
-1.92,-0.06,0.30895381477
-1.92,0.0,0.309308052688
-1.92,0.06,0.30895381477
-1.92,0.12,0.307893533325
-1.92,0.18,0.306134477461
-1.92,0.24,0.303688670093
-1.92,0.3,0.300572751087
-1.92,0.36,0.296807788731
-1.92,0.42,0.292419042514
-1.92,0.48,0.287435680951
-1.92,0.54,0.281890458868
-1.92,0.6,0.275819359128
-1.92,0.66,0.26926120429
-1.92,0.72,0.262257244043
-1.92,0.78,0.254850724543
-1.92,0.84,0.247086445916
-1.92,0.9,0.239010314223
-1.92,0.96,0.23066889411
-1.92,1.02,0.22210896815
-1.92,1.08,0.213377108624
-1.92,1.14,0.204519267054
-1.92,1.2,0.195580386381
-1.92,1.26,0.18660404009
-1.92,1.32,0.177632102025
-1.92,1.38,0.168704449986
-1.92,1.44,0.159858705517
-1.92,1.5,0.151130011646
-1.92,1.56,0.142550849626
-1.92,1.62,0.134150895103
-1.92,1.68,0.125956913458
-1.92,1.74,0.11799269351
-1.92,1.8,0.1102790182
-1.92,1.86,0.102833670384
-1.92,1.92,0.095671471458
-1.92,1.98,0.088804350131
-1.92,2.04,0.082241438432
-1.92,2.1,0.07598919176
-1.92,2.16,0.070051529684
-1.92,2.22,0.064429994094
-1.92,2.28,0.059123921298
-1.92,2.34,0.054130624716
-1.92,2.4,0.049445584909
-1.92,2.46,0.045062643852
-1.92,2.52,0.040974200532
-1.92,2.58,0.037171405196
-1.92,2.64,0.033644349822
-1.92,2.7,0.030382252673
-1.92,2.76,0.027373635046
-1.92,2.82,0.024606488681
-1.92,2.88,0.022068432519
-1.92,2.94,0.019746857847
-1.92,3.0,0.017629061095
-1.86,-2.94,0.021225155629
-1.86,-2.88,0.023720529025
-1.86,-2.82,0.026448590241
-1.86,-2.76,0.02942289191
-1.86,-2.7,0.032656741966
-1.86,-2.64,0.036163047638
-1.86,-2.58,0.039954146951
-1.86,-2.52,0.044041628791
-1.86,-2.46,0.048436142916
-1.86,-2.4,0.053147201595
-1.86,-2.34,0.058182974871
-1.86,-2.28,0.063550081774
-1.86,-2.22,0.069253380078
-1.86,-2.16,0.075295757488
-1.86,-2.1,0.081677927381
-1.86,-2.04,0.088398232438
-1.86,-1.98,0.095452459661
-1.86,-1.92,0.102833670384
-1.86,-1.86,0.110532048933
-1.86,-1.8,0.118534773585
-1.86,-1.74,0.126825913381
-1.86,-1.68,0.135386354195
-1.86,-1.62,0.144193757225
-1.86,-1.56,0.153222552764
-1.86,-1.5,0.162443971708
-1.86,-1.44,0.171826116822
-1.86,-1.38,0.181334075225
-1.86,-1.32,0.190930072998
-1.86,-1.26,0.200573672157
-1.86,-1.2,0.210222009553
-1.86,-1.14,0.219830076563
-1.86,-1.08,0.229351037686
-1.86,-1.02,0.238736585443
-1.86,-0.96,0.247937328268
-1.86,-0.9,0.256903207369
-1.86,-0.84,0.265583937913
-1.86,-0.78,0.273929469313
-1.86,-0.72,0.281890458868
-1.86,-0.66,0.289418752605
-1.86,-0.6,0.296467866857
-1.86,-0.54,0.302993463882
-1.86,-0.48,0.30895381477
-1.86,-0.42,0.314310242894
-1.86,-0.36,0.319027541322
-1.86,-0.3,0.323074357913
-1.86,-0.24,0.32642354219
-1.86,-0.18,0.329052448643
-1.86,-0.12,0.330943191705
-1.86,-0.06,0.332082848397
-1.86,0.0,0.332463605426
-1.86,0.06,0.332082848397
-1.86,0.12,0.330943191705
-1.86,0.18,0.329052448643
-1.86,0.24,0.32642354219
-1.86,0.3,0.323074357913
-1.86,0.36,0.319027541322
-1.86,0.42,0.314310242894
-1.86,0.48,0.30895381477
-1.86,0.54,0.302993463882
-1.86,0.6,0.296467866857
-1.86,0.66,0.289418752605
-1.86,0.72,0.281890458868
-1.86,0.78,0.273929469313
-1.86,0.84,0.265583937913
-1.86,0.9,0.256903207369
-1.86,0.96,0.247937328268
-1.86,1.02,0.238736585443
-1.86,1.08,0.229351037686
-1.86,1.14,0.219830076563
-1.86,1.2,0.210222009553
-1.86,1.26,0.200573672157
-1.86,1.32,0.190930072998
-1.86,1.38,0.181334075225
-1.86,1.44,0.171826116822
-1.86,1.5,0.162443971708
-1.86,1.56,0.153222552764
-1.86,1.62,0.144193757225
-1.86,1.68,0.135386354195
-1.86,1.74,0.126825913381
-1.86,1.8,0.118534773585
-1.86,1.86,0.110532048933
-1.86,1.92,0.102833670384
-1.86,1.98,0.095452459661
-1.86,2.04,0.088398232438
-1.86,2.1,0.081677927381
-1.86,2.16,0.075295757488
-1.86,2.22,0.069253380078
-1.86,2.28,0.063550081774
-1.86,2.34,0.058182974871
-1.86,2.4,0.053147201595
-1.86,2.46,0.048436142916
-1.86,2.52,0.044041628791
-1.86,2.58,0.039954146951
-1.86,2.64,0.036163047638
-1.86,2.7,0.032656741966
-1.86,2.76,0.02942289191
-1.86,2.82,0.026448590241
-1.86,2.88,0.023720529025
-1.86,2.94,0.021225155629
-1.86,3.0,0.018948815464
-1.8,-2.94,0.02276189613
-1.8,-2.88,0.025437939172
-1.8,-2.82,0.028363517062
-1.8,-2.76,0.03155316367
-1.8,-2.7,0.035021150447
-1.8,-2.64,0.038781319131
-1.8,-2.58,0.042846901042
-1.8,-2.52,0.047230324123
-1.8,-2.46,0.051943009194
-1.8,-2.4,0.056995157229
-1.8,-2.34,0.062395529798
-1.8,-2.28,0.068151225162
-1.8,-2.22,0.074267452805
-1.8,-2.16,0.080747309509
-1.8,-2.1,0.087591560298
-1.8,-2.04,0.094798427863
-1.8,-1.98,0.102363394177
-1.8,-1.92,0.1102790182
-1.8,-1.86,0.118534773585
-1.8,-1.8,0.127116910295
-1.8,-1.74,0.136008343938
-1.8,-1.68,0.14518857649
-1.8,-1.62,0.154633651779
-1.8,-1.56,0.164316148803
-1.8,-1.5,0.174205215524
-1.8,-1.44,0.184266645286
-1.8,-1.38,0.194462997452
-1.8,-1.32,0.204753763202
-1.8,-1.26,0.215095576765
-1.8,-1.2,0.225442471623
-1.8,-1.14,0.235746180444
-1.8,-1.08,0.245956476751
-1.8,-1.02,0.256021555514
-1.8,-0.96,0.265888449127
-1.8,-0.9,0.275503474447
-1.8,-0.84,0.284812705928
-1.8,-0.78,0.293762469228
-1.8,-0.72,0.302299849141
-1.8,-0.66,0.310373205261
-1.8,-0.6,0.317932688414
-1.8,-0.54,0.324930750726
-1.8,-0.48,0.331322642036
-1.8,-0.42,0.337066885456
-1.8,-0.36,0.34212572501
-1.8,-0.3,0.346465538602
-1.8,-0.24,0.350057210012
-1.8,-0.18,0.352876454152
-1.8,-0.12,0.354904090506
-1.8,-0.06,0.356126260449
-1.8,0.0,0.356534584991
-1.8,0.06,0.356126260449
-1.8,0.12,0.354904090506
-1.8,0.18,0.352876454152
-1.8,0.24,0.350057210012
-1.8,0.3,0.346465538602
-1.8,0.36,0.34212572501
-1.8,0.42,0.337066885456
-1.8,0.48,0.331322642036
-1.8,0.54,0.324930750726
-1.8,0.6,0.317932688414
-1.8,0.66,0.310373205261
-1.8,0.72,0.302299849141
-1.8,0.78,0.293762469228
-1.8,0.84,0.284812705928
-1.8,0.9,0.275503474447
-1.8,0.96,0.265888449127
-1.8,1.02,0.256021555514
-1.8,1.08,0.245956476751
-1.8,1.14,0.235746180444
-1.8,1.2,0.225442471623
-1.8,1.26,0.215095576765
-1.8,1.32,0.204753763202
-1.8,1.38,0.194462997452
-1.8,1.44,0.184266645286
-1.8,1.5,0.174205215524
-1.8,1.56,0.164316148803
-1.8,1.62,0.154633651779
-1.8,1.68,0.14518857649
-1.8,1.74,0.136008343938
-1.8,1.8,0.127116910295
-1.8,1.86,0.118534773585
-1.8,1.92,0.1102790182
-1.8,1.98,0.102363394177
-1.8,2.04,0.094798427863
-1.8,2.1,0.087591560298
-1.8,2.16,0.080747309509
-1.8,2.22,0.074267452805
-1.8,2.28,0.068151225162
-1.8,2.34,0.062395529798
-1.8,2.4,0.056995157229
-1.8,2.46,0.051943009194
-1.8,2.52,0.047230324123
-1.8,2.58,0.042846901042
-1.8,2.64,0.038781319131
-1.8,2.7,0.035021150447
-1.8,2.76,0.03155316367
-1.8,2.82,0.028363517062
-1.8,2.88,0.025437939172
-1.8,2.94,0.02276189613
-1.8,3.0,0.020320744729
-1.74,-2.94,0.024354020172
-1.74,-2.88,0.027217244125
-1.74,-2.82,0.030347457116
-1.74,-2.76,0.033760209611
-1.74,-2.7,0.037470771309
-1.74,-2.64,0.041493952131
-1.74,-2.58,0.045843908887
-1.74,-2.52,0.050533938818
-1.74,-2.46,0.055576261594
-1.74,-2.4,0.060981791716
-1.74,-2.34,0.066759903598
-1.74,-2.28,0.072918192002
-1.74,-2.22,0.079462230801
-1.74,-2.16,0.086395333384
-1.74,-2.1,0.09371831829
-1.74,-2.04,0.101429283891
-1.74,-1.98,0.109523396136
-1.74,-1.92,0.11799269351
-1.74,-1.86,0.126825913381
-1.74,-1.8,0.136008343938
-1.74,-1.74,0.145521705788
-1.74,-1.68,0.155344067136
-1.74,-1.62,0.16544979615
-1.74,-1.56,0.175809553812
-1.74,-1.5,0.186390330081
-1.74,-1.44,0.197155525651
-1.74,-1.38,0.208065081029
-1.74,-1.32,0.219075653927
-1.74,-1.26,0.230140845276
-1.74,-1.2,0.24121147334
-1.74,-1.14,0.252235894638
-1.74,-1.08,0.263160369506
-1.74,-1.02,0.273929469313
-1.74,-0.96,0.284486521534
-1.74,-0.9,0.294774088056
-1.74,-0.84,0.304734471408
-1.74,-0.78,0.314310242894
-1.74,-0.72,0.323444786055
-1.74,-0.66,0.332082848397
-1.74,-0.6,0.340171093952
-1.74,-0.54,0.347658649019
-1.74,-0.48,0.354497633303
-1.74,-0.42,0.360643668736
-1.74,-0.36,0.366056358428
-1.74,-0.3,0.370699728521
-1.74,-0.24,0.374542626207
-1.74,-0.18,0.377559067731
-1.74,-0.12,0.37972853096
-1.74,-0.06,0.3810361879
-1.74,0.0,0.381473073478
-1.74,0.06,0.3810361879
-1.74,0.12,0.37972853096
-1.74,0.18,0.377559067731
-1.74,0.24,0.374542626207
-1.74,0.3,0.370699728521
-1.74,0.36,0.366056358428
-1.74,0.42,0.360643668736
-1.74,0.48,0.354497633303
-1.74,0.54,0.347658649019
-1.74,0.6,0.340171093952
-1.74,0.66,0.332082848397
-1.74,0.72,0.323444786055
-1.74,0.78,0.314310242894
-1.74,0.84,0.304734471408
-1.74,0.9,0.294774088056
-1.74,0.96,0.284486521534
-1.74,1.02,0.273929469313
-1.74,1.08,0.263160369506
-1.74,1.14,0.252235894638
-1.74,1.2,0.24121147334
-1.74,1.26,0.230140845276
-1.74,1.32,0.219075653927
-1.74,1.38,0.208065081029
-1.74,1.44,0.197155525651
-1.74,1.5,0.186390330081
-1.74,1.56,0.175809553812
-1.74,1.62,0.16544979615
-1.74,1.68,0.155344067136
-1.74,1.74,0.145521705788
-1.74,1.8,0.136008343938
-1.74,1.86,0.126825913381
-1.74,1.92,0.11799269351
-1.74,1.98,0.109523396136
-1.74,2.04,0.101429283891
-1.74,2.1,0.09371831829
-1.74,2.16,0.086395333384
-1.74,2.22,0.079462230801
-1.74,2.28,0.072918192002
-1.74,2.34,0.066759903598
-1.74,2.4,0.060981791716
-1.74,2.46,0.055576261594
-1.74,2.52,0.050533938818
-1.74,2.58,0.045843908887
-1.74,2.64,0.041493952131
-1.74,2.7,0.037470771309
-1.74,2.76,0.033760209611
-1.74,2.82,0.030347457116
-1.74,2.88,0.027217244125
-1.74,2.94,0.024354020172
-1.74,3.0,0.021742117801
-1.68,-2.94,0.025997857324
-1.68,-2.88,0.029054341933
-1.68,-2.82,0.03239583669
-1.68,-2.76,0.036038941682
-1.68,-2.7,0.039999957273
-1.68,-2.64,0.044294693019
-1.68,-2.58,0.048938261281
-1.68,-2.52,0.05394485683
-1.68,-2.46,0.059327524135
-1.68,-2.4,0.065097914398
-1.68,-2.34,0.071266034784
-1.68,-2.28,0.077839992683
-1.68,-2.22,0.084825738191
-1.68,-2.16,0.092226808343
-1.68,-2.1,0.100044076927
-1.68,-2.04,0.108275513958
-1.68,-1.98,0.116915959102
-1.68,-1.92,0.125956913458
-1.68,-1.86,0.135386354195
-1.68,-1.8,0.14518857649
-1.68,-1.74,0.155344067136
-1.68,-1.68,0.165829413995
-1.68,-1.62,0.176617255148
-1.68,-1.56,0.187676271266
-1.68,-1.5,0.198971224209
-1.68,-1.44,0.210463044308
-1.68,-1.38,0.22210896815
-1.68,-1.32,0.23386272795
-1.68,-1.26,0.245674792813
-1.68,-1.2,0.257492661357
-1.68,-1.14,0.26926120429
-1.68,-1.08,0.280923054651
-1.68,-1.02,0.292419042514
-1.68,-0.96,0.303688670093
-1.68,-0.9,0.314670622344
-1.68,-0.84,0.325303307357
-1.68,-0.78,0.335525420138
-1.68,-0.72,0.345276522754
-1.68,-0.66,0.354497633303
-1.68,-0.6,0.363131815769
-1.68,-0.54,0.3711247626
-1.68,-0.48,0.378425361696
-1.68,-0.42,0.384986239578
-1.68,-0.36,0.390764272665
-1.68,-0.3,0.39572105895
-1.68,-0.24,0.399823342887
-1.68,-0.18,0.40304338688
-1.68,-0.12,0.405359283603
-1.68,-0.06,0.406755204207
-1.68,0.0,0.407221578499
-1.68,0.06,0.406755204207
-1.68,0.12,0.405359283603
-1.68,0.18,0.40304338688
-1.68,0.24,0.399823342887
-1.68,0.3,0.39572105895
-1.68,0.36,0.390764272665
-1.68,0.42,0.384986239578
-1.68,0.48,0.378425361696
-1.68,0.54,0.3711247626
-1.68,0.6,0.363131815769
-1.68,0.66,0.354497633303
-1.68,0.72,0.345276522754
-1.68,0.78,0.335525420138
-1.68,0.84,0.325303307357
-1.68,0.9,0.314670622344
-1.68,0.96,0.303688670093
-1.68,1.02,0.292419042514
-1.68,1.08,0.280923054651
-1.68,1.14,0.26926120429
-1.68,1.2,0.257492661357
-1.68,1.26,0.245674792813
-1.68,1.32,0.23386272795
-1.68,1.38,0.22210896815
-1.68,1.44,0.210463044308
-1.68,1.5,0.198971224209
-1.68,1.56,0.187676271266
-1.68,1.62,0.176617255148
-1.68,1.68,0.165829413995
-1.68,1.74,0.155344067136
-1.68,1.8,0.14518857649
-1.68,1.86,0.135386354195
-1.68,1.92,0.125956913458
-1.68,1.98,0.116915959102
-1.68,2.04,0.108275513958
-1.68,2.1,0.100044076927
-1.68,2.16,0.092226808343
-1.68,2.22,0.084825738191
-1.68,2.28,0.077839992683
-1.68,2.34,0.071266034784
-1.68,2.4,0.065097914398
-1.68,2.46,0.059327524135
-1.68,2.52,0.05394485683
-1.68,2.58,0.048938261281
-1.68,2.64,0.044294693019
-1.68,2.7,0.039999957273
-1.68,2.76,0.036038941682
-1.68,2.82,0.03239583669
-1.68,2.88,0.029054341933
-1.68,2.94,0.025997857324
-1.68,3.0,0.023209657894
-1.62,-2.94,0.027689117929
-1.62,-2.88,0.030944438617
-1.62,-2.82,0.03450331046
-1.62,-2.76,0.038383413443
-1.62,-2.7,0.042602108332
-1.62,-2.64,0.047176233156
-1.62,-2.58,0.052121883392
-1.62,-2.52,0.057454177236
-1.62,-2.46,0.06318700775
-1.62,-2.4,0.069332784093
-1.62,-2.34,0.075902164433
-1.62,-2.28,0.082903783576
-1.62,-2.22,0.090343978696
-1.62,-2.16,0.098226516926
-1.62,-2.1,0.106552328896
-1.62,-2.04,0.115319252564
-1.62,-1.98,0.124521791895
-1.62,-1.92,0.134150895103
-1.62,-1.86,0.144193757225
-1.62,-1.8,0.154633651779
-1.62,-1.74,0.16544979615
-1.62,-1.68,0.176617255148
-1.62,-1.62,0.188106886857
-1.62,-1.56,0.199885334506
-1.62,-1.5,0.211915067578
-1.62,-1.44,0.224154474771
-1.62,-1.38,0.236558010749
-1.62,-1.32,0.249076397829
-1.62,-1.26,0.26165688294
-1.62,-1.2,0.274243549283
-1.62,-1.14,0.286777681195
-1.62,-1.08,0.299198179773
-1.62,-1.02,0.31144202586
-1.62,-0.96,0.323444786055
-1.62,-0.9,0.335141156537
-1.62,-0.84,0.346465538602
-1.62,-0.78,0.357352639133
-1.62,-0.72,0.367738088477
-1.62,-0.66,0.377559067731
-1.62,-0.6,0.386754936973
-1.62,-0.54,0.395267855735
-1.62,-0.48,0.40304338688
-1.62,-0.42,0.410031075102
-1.62,-0.36,0.416184991463
-1.62,-0.3,0.42146423576
-1.62,-0.24,0.425833389044
-1.62,-0.18,0.429262909283
-1.62,-0.12,0.431729463995
-1.62,-0.06,0.433216194603
-1.62,0.0,0.433712908336
-1.62,0.06,0.433216194603
-1.62,0.12,0.431729463995
-1.62,0.18,0.429262909283
-1.62,0.24,0.425833389044
-1.62,0.3,0.42146423576
-1.62,0.36,0.416184991463
-1.62,0.42,0.410031075102
-1.62,0.48,0.40304338688
-1.62,0.54,0.395267855735
-1.62,0.6,0.386754936973
-1.62,0.66,0.377559067731
-1.62,0.72,0.367738088477
-1.62,0.78,0.357352639133
-1.62,0.84,0.346465538602
-1.62,0.9,0.335141156537
-1.62,0.96,0.323444786055
-1.62,1.02,0.31144202586
-1.62,1.08,0.299198179773
-1.62,1.14,0.286777681195
-1.62,1.2,0.274243549283
-1.62,1.26,0.26165688294
-1.62,1.32,0.249076397829
-1.62,1.38,0.236558010749
-1.62,1.44,0.224154474771
-1.62,1.5,0.211915067578
-1.62,1.56,0.199885334506
-1.62,1.62,0.188106886857
-1.62,1.68,0.176617255148
-1.62,1.74,0.16544979615
-1.62,1.8,0.154633651779
-1.62,1.86,0.144193757225
-1.62,1.92,0.134150895103
-1.62,1.98,0.124521791895
-1.62,2.04,0.115319252564
-1.62,2.1,0.106552328896
-1.62,2.16,0.098226516926
-1.62,2.22,0.090343978696
-1.62,2.28,0.082903783576
-1.62,2.34,0.075902164433
-1.62,2.4,0.069332784093
-1.62,2.46,0.06318700775
-1.62,2.52,0.057454177236
-1.62,2.58,0.052121883392
-1.62,2.64,0.047176233156
-1.62,2.7,0.042602108332
-1.62,2.76,0.038383413443
-1.62,2.82,0.03450331046
-1.62,2.88,0.030944438617
-1.62,2.94,0.027689117929
-1.62,3.0,0.024719535403
-1.56,-2.94,0.02942289191
-1.56,-2.88,0.032882046838
-1.56,-2.82,0.036663759993
-1.56,-2.76,0.040786818408
-1.56,-2.7,0.045269669903
-1.56,-2.64,0.050130206834
-1.56,-2.58,0.055385532507
-1.56,-2.52,0.061051711755
-1.56,-2.46,0.067143507565
-1.56,-2.4,0.073674106101
-1.56,-2.34,0.080654832903
-1.56,-2.28,0.088094863452
-1.56,-2.22,0.096000931726
-1.56,-2.16,0.104377040741
-1.56,-2.1,0.113224179399
-1.56,-2.04,0.122540050281
-1.56,-1.98,0.132318813213
-1.56,-1.92,0.142550849626
-1.56,-1.86,0.153222552764
-1.56,-1.8,0.164316148803
-1.56,-1.74,0.175809553812
-1.56,-1.68,0.187676271266
-1.56,-1.62,0.199885334506
-1.56,-1.56,0.212401298104
-1.56,-1.5,0.22518428154
-1.56,-1.44,0.238190067994
-1.56,-1.38,0.251370260275
-1.56,-1.32,0.264672495141
-1.56,-1.26,0.278040716351
-1.56,-1.2,0.291415505836
-1.56,-1.14,0.304734471408
-1.56,-1.08,0.317932688414
-1.56,-1.02,0.330943191705
-1.56,-0.96,0.34369751334
-1.56,-0.9,0.356126260449
-1.56,-0.84,0.368159726821
-1.56,-0.78,0.37972853096
-1.56,-0.72,0.390764272665
-1.56,-0.66,0.401200199579
-1.56,-0.6,0.41097187477
-1.56,-0.54,0.420017836047
-1.56,-0.48,0.428280237652
-1.56,-0.42,0.435705464984
-1.56,-0.36,0.442244713232
-1.56,-0.3,0.447854521197
-1.56,-0.24,0.452497252148
-1.56,-0.18,0.456141514257
-1.56,-0.12,0.458762514061
-1.56,-0.06,0.460342337373
-1.56,0.0,0.460870153193
-1.56,0.06,0.460342337373
-1.56,0.12,0.458762514061
-1.56,0.18,0.456141514257
-1.56,0.24,0.452497252148
-1.56,0.3,0.447854521197
-1.56,0.36,0.442244713232
-1.56,0.42,0.435705464984
-1.56,0.48,0.428280237652
-1.56,0.54,0.420017836047
-1.56,0.6,0.41097187477
-1.56,0.66,0.401200199579
-1.56,0.72,0.390764272665
-1.56,0.78,0.37972853096
-1.56,0.84,0.368159726821
-1.56,0.9,0.356126260449
-1.56,0.96,0.34369751334
-1.56,1.02,0.330943191705
-1.56,1.08,0.317932688414
-1.56,1.14,0.304734471408
-1.56,1.2,0.291415505836
-1.56,1.26,0.278040716351
-1.56,1.32,0.264672495141
-1.56,1.38,0.251370260275
-1.56,1.44,0.238190067994
-1.56,1.5,0.22518428154
-1.56,1.56,0.212401298104
-1.56,1.62,0.199885334506
-1.56,1.68,0.187676271266
-1.56,1.74,0.175809553812
-1.56,1.8,0.164316148803
-1.56,1.86,0.153222552764
-1.56,1.92,0.142550849626
-1.56,1.98,0.132318813213
-1.56,2.04,0.122540050281
-1.56,2.1,0.113224179399
-1.56,2.16,0.104377040741
-1.56,2.22,0.096000931726
-1.56,2.28,0.088094863452
-1.56,2.34,0.080654832903
-1.56,2.4,0.073674106101
-1.56,2.46,0.067143507565
-1.56,2.52,0.061051711755
-1.56,2.58,0.055385532507
-1.56,2.64,0.050130206834
-1.56,2.7,0.045269669903
-1.56,2.76,0.040786818408
-1.56,2.82,0.036663759993
-1.56,2.88,0.032882046838
-1.56,2.94,0.02942289191
-1.56,3.0,0.026267366843
-1.5,-2.94,0.031193654816
-1.5,-2.88,0.034860992653
-1.5,-2.82,0.038870301295
-1.5,-2.76,0.043241498435
-1.5,-2.7,0.047994142144
-1.5,-2.64,0.053147201595
-1.5,-2.58,0.058718809427
-1.5,-2.52,0.064725997304
-1.5,-2.46,0.071184416696
-1.5,-2.4,0.078108047355
-1.5,-2.34,0.085508896425
-1.5,-2.28,0.093396691597
-1.5,-2.22,0.101778572122
-1.5,-2.16,0.11065878193
-1.5,-2.1,0.120038369439
-1.5,-2.04,0.129914898962
-1.5,-1.98,0.140282178846
-1.5,-1.92,0.151130011646
-1.5,-1.86,0.162443971708
-1.5,-1.8,0.174205215524
-1.5,-1.74,0.186390330081
-1.5,-1.68,0.198971224209
-1.5,-1.62,0.211915067578
-1.5,-1.56,0.22518428154
-1.5,-1.5,0.238736585443
-1.5,-1.44,0.252525101354
-1.5,-1.38,0.266498519387
-1.5,-1.32,0.280601324916
-1.5,-1.26,0.294774088056
-1.5,-1.2,0.30895381477
-1.5,-1.14,0.323074357913
-1.5,-1.08,0.337066885456
-1.5,-1.02,0.350860402079
-1.5,-0.96,0.364382319222
-1.5,-0.9,0.377559067731
-1.5,-0.84,0.390316746255
-1.5,-0.78,0.402581797701
-1.5,-0.72,0.414281705325
-1.5,-0.66,0.425345699404
-1.5,-0.6,0.435705464984
-1.5,-0.54,0.445295840886
-1.5,-0.48,0.454055500012
-1.5,-0.42,0.461927601063
-1.5,-0.36,0.468860402
-1.5,-0.3,0.474807825992
-1.5,-0.24,0.479729971209
-1.5,-0.18,0.483593556564
-1.5,-0.12,0.486372296445
-1.5,-0.06,0.488047198531
-1.5,0.0,0.48860677998
-1.5,0.06,0.488047198531
-1.5,0.12,0.486372296445
-1.5,0.18,0.483593556564
-1.5,0.24,0.479729971209
-1.5,0.3,0.474807825992
-1.5,0.36,0.468860402
-1.5,0.42,0.461927601063
-1.5,0.48,0.454055500012
-1.5,0.54,0.445295840886
-1.5,0.6,0.435705464984
-1.5,0.66,0.425345699404
-1.5,0.72,0.414281705325
-1.5,0.78,0.402581797701
-1.5,0.84,0.390316746255
-1.5,0.9,0.377559067731
-1.5,0.96,0.364382319222
-1.5,1.02,0.350860402079
-1.5,1.08,0.337066885456
-1.5,1.14,0.323074357913
-1.5,1.2,0.30895381477
-1.5,1.26,0.294774088056
-1.5,1.32,0.280601324916
-1.5,1.38,0.266498519387
-1.5,1.44,0.252525101354
-1.5,1.5,0.238736585443
-1.5,1.56,0.22518428154
-1.5,1.62,0.211915067578
-1.5,1.68,0.198971224209
-1.5,1.74,0.186390330081
-1.5,1.8,0.174205215524
-1.5,1.86,0.162443971708
-1.5,1.92,0.151130011646
-1.5,1.98,0.140282178846
-1.5,2.04,0.129914898962
-1.5,2.1,0.120038369439
-1.5,2.16,0.11065878193
-1.5,2.22,0.101778572122
-1.5,2.28,0.093396691597
-1.5,2.34,0.085508896425
-1.5,2.4,0.078108047355
-1.5,2.46,0.071184416696
-1.5,2.52,0.064725997304
-1.5,2.58,0.058718809427
-1.5,2.64,0.053147201595
-1.5,2.7,0.047994142144
-1.5,2.76,0.043241498435
-1.5,2.82,0.038870301295
-1.5,2.88,0.034860992653
-1.5,2.94,0.031193654816
-1.5,3.0,0.027848220248
-1.44,-2.94,0.032995281512
-1.44,-2.88,0.036874430815
-1.44,-2.82,0.041115301854
-1.44,-2.76,0.045738962693
-1.44,-2.7,0.050766101001
-1.44,-2.64,0.05621678154
-1.44,-2.58,0.06211018422
-1.44,-2.52,0.06846432439
-1.44,-2.46,0.075295757488
-1.44,-2.4,0.082619270684
-1.44,-2.34,0.090447564609
-1.44,-2.28,0.098790928788
-1.44,-2.22,0.107656914809
-1.44,-2.16,0.117050011714
-1.44,-2.1,0.126971328474
-1.44,-2.04,0.137418288726
-1.44,-1.98,0.148384343211
-1.44,-1.92,0.159858705517
-1.44,-1.86,0.171826116822
-1.44,-1.8,0.184266645286
-1.44,-1.74,0.197155525651
-1.44,-1.68,0.210463044308
-1.44,-1.62,0.224154474771
-1.44,-1.56,0.238190067994
-1.44,-1.5,0.252525101354
-1.44,-1.44,0.267109989429
-1.44,-1.38,0.281890458868
-1.44,-1.32,0.296807788731
-1.44,-1.26,0.311799116691
-1.44,-1.2,0.326797810415
-1.44,-1.14,0.341733902349
-1.44,-1.08,0.356534584991
-1.44,-1.02,0.3711247626
-1.44,-0.96,0.385427654176
-1.44,-0.9,0.399365441493
-1.44,-0.84,0.41285995494
-1.44,-0.78,0.425833389044
-1.44,-0.72,0.438209038771
-1.44,-0.66,0.449912047009
-1.44,-0.6,0.460870153193
-1.44,-0.54,0.47101443268
-1.44,-0.48,0.480280016355
-1.44,-0.42,0.48860677998
-1.44,-0.36,0.495939993095
-1.44,-0.3,0.502230917645
-1.44,-0.24,0.507437347223
-1.44,-0.18,0.511524078553
-1.44,-0.12,0.514463307866
-1.44,-0.06,0.516234945918
-1.44,0.0,0.51682684666
-1.44,0.06,0.516234945918
-1.44,0.12,0.514463307866
-1.44,0.18,0.511524078553
-1.44,0.24,0.507437347223
-1.44,0.3,0.502230917645
-1.44,0.36,0.495939993095
-1.44,0.42,0.48860677998
-1.44,0.48,0.480280016355
-1.44,0.54,0.47101443268
-1.44,0.6,0.460870153193
-1.44,0.66,0.449912047009
-1.44,0.72,0.438209038771
-1.44,0.78,0.425833389044
-1.44,0.84,0.41285995494
-1.44,0.9,0.399365441493
-1.44,0.96,0.385427654176
-1.44,1.02,0.3711247626
-1.44,1.08,0.356534584991
-1.44,1.14,0.341733902349
-1.44,1.2,0.326797810415
-1.44,1.26,0.311799116691
-1.44,1.32,0.296807788731
-1.44,1.38,0.281890458868
-1.44,1.44,0.267109989429
-1.44,1.5,0.252525101354
-1.44,1.56,0.238190067994
-1.44,1.62,0.224154474771
-1.44,1.68,0.210463044308
-1.44,1.74,0.197155525651
-1.44,1.8,0.184266645286
-1.44,1.86,0.171826116822
-1.44,1.92,0.159858705517
-1.44,1.98,0.148384343211
-1.44,2.04,0.137418288726
-1.44,2.1,0.126971328474
-1.44,2.16,0.117050011714
-1.44,2.22,0.107656914809
-1.44,2.28,0.098790928788
-1.44,2.34,0.090447564609
-1.44,2.4,0.082619270684
-1.44,2.46,0.075295757488
-1.44,2.52,0.06846432439
-1.44,2.58,0.06211018422
-1.44,2.64,0.05621678154
-1.44,2.7,0.050766101001
-1.44,2.76,0.045738962693
-1.44,2.82,0.041115301854
-1.44,2.88,0.036874430815
-1.44,2.94,0.032995281512
-1.44,3.0,0.029456627386
-1.38,-2.94,0.034821067778
-1.38,-2.88,0.03891486891
-1.38,-2.82,0.043390407566
-1.38,-2.76,0.048269917606
-1.38,-2.7,0.05357523145
-1.38,-2.64,0.059327524135
-1.38,-2.58,0.065547036888
-1.38,-2.52,0.072252781933
-1.38,-2.46,0.079462230801
-1.38,-2.4,0.087190988904
-1.38,-2.34,0.095452459661
-1.38,-2.28,0.104257501966
-1.38,-2.22,0.113614085271
-1.38,-2.16,0.123526947019
-1.38,-2.1,0.133997257546
-1.38,-2.04,0.145022297925
-1.38,-1.98,0.156595156497
-1.38,-1.92,0.168704449986
-1.38,-1.86,0.181334075225
-1.38,-1.8,0.194462997452
-1.38,-1.74,0.208065081029
-1.38,-1.68,0.22210896815
-1.38,-1.62,0.236558010749
-1.38,-1.56,0.251370260275
-1.38,-1.5,0.266498519387
-1.38,-1.44,0.281890458868
-1.38,-1.38,0.297488802162
-1.38,-1.32,0.313231579021
-1.38,-1.26,0.329052448643
-1.38,-1.2,0.344881091613
-1.38,-1.14,0.360643668736
-1.38,-1.08,0.376263343727
-1.38,-1.02,0.391660865436
-1.38,-0.96,0.406755204207
-1.38,-0.9,0.42146423576
-1.38,-0.84,0.435705464984
-1.38,-0.78,0.449396781062
-1.38,-0.72,0.462457234502
-1.38,-0.66,0.474807825992
-1.38,-0.6,0.486372296445
-1.38,-0.54,0.49707790729
-1.38,-0.48,0.506856199892
-1.38,-0.42,0.515643723056
-1.38,-0.36,0.523382717821
-1.38,-0.3,0.530021749225
-1.38,-0.24,0.535516275378
-1.38,-0.18,0.539829145041
-1.38,-0.12,0.542931015928
-1.38,-0.06,0.544800687161
-1.38,0.0,0.545425340594
-1.38,0.06,0.544800687161
-1.38,0.12,0.542931015928
-1.38,0.18,0.539829145041
-1.38,0.24,0.535516275378
-1.38,0.3,0.530021749225
-1.38,0.36,0.523382717821
-1.38,0.42,0.515643723056
-1.38,0.48,0.506856199892
-1.38,0.54,0.49707790729
-1.38,0.6,0.486372296445
-1.38,0.66,0.474807825992
-1.38,0.72,0.462457234502
-1.38,0.78,0.449396781062
-1.38,0.84,0.435705464984
-1.38,0.9,0.42146423576
-1.38,0.96,0.406755204207
-1.38,1.02,0.391660865436
-1.38,1.08,0.376263343727
-1.38,1.14,0.360643668736
-1.38,1.2,0.344881091613
-1.38,1.26,0.329052448643
-1.38,1.32,0.313231579021
-1.38,1.38,0.297488802162
-1.38,1.44,0.281890458868
-1.38,1.5,0.266498519387
-1.38,1.56,0.251370260275
-1.38,1.62,0.236558010749
-1.38,1.68,0.22210896815
-1.38,1.74,0.208065081029
-1.38,1.8,0.194462997452
-1.38,1.86,0.181334075225
-1.38,1.92,0.168704449986
-1.38,1.98,0.156595156497
-1.38,2.04,0.145022297925
-1.38,2.1,0.133997257546
-1.38,2.16,0.123526947019
-1.38,2.22,0.113614085271
-1.38,2.28,0.104257501966
-1.38,2.34,0.095452459661
-1.38,2.4,0.087190988904
-1.38,2.46,0.079462230801
-1.38,2.52,0.072252781933
-1.38,2.58,0.065547036888
-1.38,2.64,0.059327524135
-1.38,2.7,0.05357523145
-1.38,2.76,0.048269917606
-1.38,2.82,0.043390407566
-1.38,2.88,0.03891486891
-1.38,2.94,0.034821067778
-1.38,3.0,0.031086603044
-1.32,-2.94,0.036663759993
-1.32,-2.88,0.040974200532
-1.32,-2.82,0.045686579721
-1.32,-2.76,0.050824308012
-1.32,-2.7,0.056410373168
-1.32,-2.64,0.062467070791
-1.32,-2.58,0.069015713248
-1.32,-2.52,0.07607631887
-1.32,-2.46,0.083667283761
-1.32,-2.4,0.091805039155
-1.32,-2.34,0.100503697765
-1.32,-2.28,0.109774693126
-1.32,-2.22,0.119626416423
-1.32,-2.16,0.1300638558
-1.32,-2.1,0.141088243525
-1.32,-2.04,0.152696716791
-1.32,-1.98,0.164881998179
-1.32,-1.92,0.177632102025
-1.32,-1.86,0.190930072998
-1.32,-1.8,0.204753763202
-1.32,-1.74,0.219075653927
-1.32,-1.68,0.23386272795
-1.32,-1.62,0.249076397829
-1.32,-1.56,0.264672495141
-1.32,-1.5,0.280601324916
-1.32,-1.44,0.296807788731
-1.32,-1.38,0.313231579021
-1.32,-1.32,0.329807446138
-1.32,-1.26,0.346465538602
-1.32,-1.2,0.363131815769
-1.32,-1.14,0.37972853096
-1.32,-1.08,0.396174781796
-1.32,-1.02,0.412387123245
-1.32,-0.96,0.428280237652
-1.32,-0.9,0.44376765481
-1.32,-0.84,0.458762514061
-1.32,-0.78,0.473178359373
-1.32,-0.72,0.486929957497
-1.32,-0.66,0.499934128565
-1.32,-0.6,0.512110577945
-1.32,-0.54,0.523382717821
-1.32,-0.48,0.533678466802
-1.32,-0.42,0.542931015928
-1.32,-0.36,0.551079549696
-1.32,-0.3,0.558069911265
-1.32,-0.24,0.563855201638
-1.32,-0.18,0.568396303571
-1.32,-0.12,0.571662322018
-1.32,-0.06,0.573630934176
-1.32,0.0,0.574288643574
-1.32,0.06,0.573630934176
-1.32,0.12,0.571662322018
-1.32,0.18,0.568396303571
-1.32,0.24,0.563855201638
-1.32,0.3,0.558069911265
-1.32,0.36,0.551079549696
-1.32,0.42,0.542931015928
-1.32,0.48,0.533678466802
-1.32,0.54,0.523382717821
-1.32,0.6,0.512110577945
-1.32,0.66,0.499934128565
-1.32,0.72,0.486929957497
-1.32,0.78,0.473178359373
-1.32,0.84,0.458762514061
-1.32,0.9,0.44376765481
-1.32,0.96,0.428280237652
-1.32,1.02,0.412387123245
-1.32,1.08,0.396174781796
-1.32,1.14,0.37972853096
-1.32,1.2,0.363131815769
-1.32,1.26,0.346465538602
-1.32,1.32,0.329807446138
-1.32,1.38,0.313231579021
-1.32,1.44,0.296807788731
-1.32,1.5,0.280601324916
-1.32,1.56,0.264672495141
-1.32,1.62,0.249076397829
-1.32,1.68,0.23386272795
-1.32,1.74,0.219075653927
-1.32,1.8,0.204753763202
-1.32,1.86,0.190930072998
-1.32,1.92,0.177632102025
-1.32,1.98,0.164881998179
-1.32,2.04,0.152696716791
-1.32,2.1,0.141088243525
-1.32,2.16,0.1300638558
-1.32,2.22,0.119626416423
-1.32,2.28,0.109774693126
-1.32,2.34,0.100503697765
-1.32,2.4,0.091805039155
-1.32,2.46,0.083667283761
-1.32,2.52,0.07607631887
-1.32,2.58,0.069015713248
-1.32,2.64,0.062467070791
-1.32,2.7,0.056410373168
-1.32,2.76,0.050824308012
-1.32,2.82,0.045686579721
-1.32,2.88,0.040974200532
-1.32,2.94,0.036663759993
-1.32,3.0,0.032731671535
-1.26,-2.94,0.038515592968
-1.26,-2.88,0.043043747564
-1.26,-2.82,0.047994142144
-1.26,-2.76,0.053391369587
-1.26,-2.7,0.059259578737
-1.26,-2.64,0.065622191311
-1.26,-2.58,0.072501596136
-1.26,-2.52,0.079918822636
-1.26,-2.46,0.087893196079
-1.26,-2.4,0.096441977614
-1.26,-2.34,0.105579992767
-1.26,-2.28,0.115319252564
-1.26,-2.22,0.125668572018
-1.26,-2.16,0.136633191215
-1.26,-2.1,0.148214404665
-1.26,-2.04,0.160409204963
-1.26,-1.98,0.173209947119
-1.26,-1.92,0.18660404009
-1.26,-1.86,0.200573672157
-1.26,-1.8,0.215095576765
-1.26,-1.74,0.230140845276
-1.26,-1.68,0.245674792813
-1.26,-1.62,0.26165688294
-1.26,-1.56,0.278040716351
-1.26,-1.5,0.294774088056
-1.26,-1.44,0.311799116691
-1.26,-1.38,0.329052448643
-1.26,-1.32,0.346465538602
-1.26,-1.26,0.36396500699
-1.26,-1.2,0.381473073478
-1.26,-1.14,0.398908064516
-1.26,-1.08,0.416184991463
-1.26,-1.02,0.433216194603
-1.26,-0.96,0.449912047009
-1.26,-0.9,0.466181710991
-1.26,-0.84,0.481933938684
-1.26,-0.78,0.49707790729
-1.26,-0.72,0.511524078553
-1.26,-0.66,0.525185071311
-1.26,-0.6,0.537976535367
-1.26,-0.54,0.549818014566
-1.26,-0.48,0.560633786793
-1.26,-0.42,0.570353668663
-1.26,-0.36,0.578913772972
-1.26,-0.3,0.586257207495
-1.26,-0.24,0.592334704436
-1.26,-0.18,0.597105170796
-1.26,-0.12,0.600536151065
-1.26,-0.06,0.602604194948
-1.26,0.0,0.603295124288
-1.26,0.06,0.602604194948
-1.26,0.12,0.600536151065
-1.26,0.18,0.597105170796
-1.26,0.24,0.592334704436
-1.26,0.3,0.586257207495
-1.26,0.36,0.578913772972
-1.26,0.42,0.570353668663
-1.26,0.48,0.560633786793
-1.26,0.54,0.549818014566
-1.26,0.6,0.537976535367
-1.26,0.66,0.525185071311
-1.26,0.72,0.511524078553
-1.26,0.78,0.49707790729
-1.26,0.84,0.481933938684
-1.26,0.9,0.466181710991
-1.26,0.96,0.449912047009
-1.26,1.02,0.433216194603
-1.26,1.08,0.416184991463
-1.26,1.14,0.398908064516
-1.26,1.2,0.381473073478
-1.26,1.26,0.36396500699
-1.26,1.32,0.346465538602
-1.26,1.38,0.329052448643
-1.26,1.44,0.311799116691
-1.26,1.5,0.294774088056
-1.26,1.56,0.278040716351
-1.26,1.62,0.26165688294
-1.26,1.68,0.245674792813
-1.26,1.74,0.230140845276
-1.26,1.8,0.215095576765
-1.26,1.86,0.200573672157
-1.26,1.92,0.18660404009
-1.26,1.98,0.173209947119
-1.26,2.04,0.160409204963
-1.26,2.1,0.148214404665
-1.26,2.16,0.136633191215
-1.26,2.22,0.125668572018
-1.26,2.28,0.115319252564
-1.26,2.34,0.105579992767
-1.26,2.4,0.096441977614
-1.26,2.46,0.087893196079
-1.26,2.52,0.079918822636
-1.26,2.58,0.072501596136
-1.26,2.64,0.065622191311
-1.26,2.7,0.059259578737
-1.26,2.76,0.053391369587
-1.26,2.82,0.047994142144
-1.26,2.88,0.043043747564
-1.26,2.94,0.038515592968
-1.26,3.0,0.034384900464
-1.2,-2.94,0.040368335813
-1.2,-2.88,0.045114311436
-1.2,-2.82,0.050302838352
-1.2,-2.76,0.05595969245
-1.2,-2.7,0.06211018422
-1.2,-2.64,0.068778862053
-1.2,-2.58,0.07598919176
-1.2,-2.52,0.08376321436
-1.2,-2.46,0.092121184735
-1.2,-2.4,0.101081194362
-1.2,-2.34,0.11065878193
-1.2,-2.28,0.120866536238
-1.2,-2.22,0.131713696335
-1.2,-2.16,0.143205754374
-1.2,-2.1,0.155344067136
-1.2,-2.04,0.16812548255
-1.2,-1.98,0.181541987871
-1.2,-1.92,0.195580386381
-1.2,-1.86,0.210222009553
-1.2,-1.8,0.225442471623
-1.2,-1.74,0.24121147334
-1.2,-1.68,0.257492661357
-1.2,-1.62,0.274243549283
-1.2,-1.56,0.291415505836
-1.2,-1.5,0.30895381477
-1.2,-1.44,0.326797810415
-1.2,-1.38,0.344881091613
-1.2,-1.32,0.363131815769
-1.2,-1.26,0.381473073478
-1.2,-1.2,0.399823342887
-1.2,-1.14,0.418097021646
-1.2,-1.08,0.436205032846
-1.2,-1.02,0.454055500012
-1.2,-0.96,0.47155448483
-1.2,-0.9,0.48860677998
-1.2,-0.84,0.505116748238
-1.2,-0.78,0.520989197891
-1.2,-0.72,0.536130283561
-1.2,-0.66,0.550448420728
-1.2,-0.6,0.563855201638
-1.2,-0.54,0.576266299897
-1.2,-0.48,0.587602350875
-1.2,-0.42,0.597789795106
-1.2,-0.36,0.606761672175
-1.2,-0.3,0.61445835313
-1.2,-0.24,0.62082820021
-1.2,-0.18,0.625828143691
-1.2,-0.12,0.629424166835
-1.2,-0.06,0.631591691297
-1.2,0.0,0.6323158569
-1.2,0.06,0.631591691297
-1.2,0.12,0.629424166835
-1.2,0.18,0.625828143691
-1.2,0.24,0.62082820021
-1.2,0.3,0.61445835313
-1.2,0.36,0.606761672175
-1.2,0.42,0.597789795106
-1.2,0.48,0.587602350875
-1.2,0.54,0.576266299897
-1.2,0.6,0.563855201638
-1.2,0.66,0.550448420728
-1.2,0.72,0.536130283561
-1.2,0.78,0.520989197891
-1.2,0.84,0.505116748238
-1.2,0.9,0.48860677998
-1.2,0.96,0.47155448483
-1.2,1.02,0.454055500012
-1.2,1.08,0.436205032846
-1.2,1.14,0.418097021646
-1.2,1.2,0.399823342887
-1.2,1.26,0.381473073478
-1.2,1.32,0.363131815769
-1.2,1.38,0.344881091613
-1.2,1.44,0.326797810415
-1.2,1.5,0.30895381477
-1.2,1.56,0.291415505836
-1.2,1.62,0.274243549283
-1.2,1.68,0.257492661357
-1.2,1.74,0.24121147334
-1.2,1.8,0.225442471623
-1.2,1.86,0.210222009553
-1.2,1.92,0.195580386381
-1.2,1.98,0.181541987871
-1.2,2.04,0.16812548255
-1.2,2.1,0.155344067136
-1.2,2.16,0.143205754374
-1.2,2.22,0.131713696335
-1.2,2.28,0.120866536238
-1.2,2.34,0.11065878193
-1.2,2.4,0.101081194362
-1.2,2.46,0.092121184735
-1.2,2.52,0.08376321436
-1.2,2.58,0.07598919176
-1.2,2.64,0.068778862053
-1.2,2.7,0.06211018422
-1.2,2.76,0.05595969245
-1.2,2.82,0.050302838352
-1.2,2.88,0.045114311436
-1.2,2.94,0.040368335813
-1.2,3.0,0.036038941682
-1.14,-2.94,0.04221334565
-1.14,-2.88,0.047176233156
-1.14,-2.82,0.052601898487
-1.14,-2.76,0.058517295605
-1.14,-2.7,0.0649488918
-1.14,-2.64,0.071922357432
-1.14,-2.58,0.079462230801
-1.14,-2.52,0.087591560298
-1.14,-2.46,0.096331526544
-1.14,-2.4,0.105701047873
-1.14,-2.34,0.115716373161
-1.14,-2.28,0.12639066657
-1.14,-2.22,0.137733589415
-1.14,-2.16,0.149750884864
-1.14,-2.1,0.162443971708
-1.14,-2.04,0.175809553812
-1.14,-1.98,0.189839252217
-1.14,-1.92,0.204519267054
-1.14,-1.86,0.219830076563
-1.14,-1.8,0.235746180444
-1.14,-1.74,0.252235894638
-1.14,-1.68,0.26926120429
-1.14,-1.62,0.286777681195
-1.14,-1.56,0.304734471408
-1.14,-1.5,0.323074357913
-1.14,-1.44,0.341733902349
-1.14,-1.38,0.360643668736
-1.14,-1.32,0.37972853096
-1.14,-1.26,0.398908064516
-1.14,-1.2,0.418097021646
-1.14,-1.14,0.437205887598
-1.14,-1.08,0.456141514257
-1.14,-1.02,0.474807825992
-1.14,-0.96,0.493106591095
-1.14,-0.9,0.510938250855
-1.14,-0.84,0.528202797008
-1.14,-0.78,0.544800687161
-1.14,-0.72,0.560633786793
-1.14,-0.66,0.57560632557
-1.14,-0.6,0.589625855114
-1.14,-0.54,0.602604194948
-1.14,-0.48,0.61445835313
-1.14,-0.42,0.625111408202
-1.14,-0.36,0.634493339367
-1.14,-0.3,0.642541792368
-1.14,-0.24,0.649202769372
-1.14,-0.18,0.654431232179
-1.14,-0.12,0.658191609338
-1.14,-0.06,0.660458199166
-1.14,0.0,0.66121546231
-1.14,0.06,0.660458199166
-1.14,0.12,0.658191609338
-1.14,0.18,0.654431232179
-1.14,0.24,0.649202769372
-1.14,0.3,0.642541792368
-1.14,0.36,0.634493339367
-1.14,0.42,0.625111408202
-1.14,0.48,0.61445835313
-1.14,0.54,0.602604194948
-1.14,0.6,0.589625855114
-1.14,0.66,0.57560632557
-1.14,0.72,0.560633786793
-1.14,0.78,0.544800687161
-1.14,0.84,0.528202797008
-1.14,0.9,0.510938250855
-1.14,0.96,0.493106591095
-1.14,1.02,0.474807825992
-1.14,1.08,0.456141514257
-1.14,1.14,0.437205887598
-1.14,1.2,0.418097021646
-1.14,1.26,0.398908064516
-1.14,1.32,0.37972853096
-1.14,1.38,0.360643668736
-1.14,1.44,0.341733902349
-1.14,1.5,0.323074357913
-1.14,1.56,0.304734471408
-1.14,1.62,0.286777681195
-1.14,1.68,0.26926120429
-1.14,1.74,0.252235894638
-1.14,1.8,0.235746180444
-1.14,1.86,0.219830076563
-1.14,1.92,0.204519267054
-1.14,1.98,0.189839252217
-1.14,2.04,0.175809553812
-1.14,2.1,0.162443971708
-1.14,2.16,0.149750884864
-1.14,2.22,0.137733589415
-1.14,2.28,0.12639066657
-1.14,2.34,0.115716373161
-1.14,2.4,0.105701047873
-1.14,2.46,0.096331526544
-1.14,2.52,0.087591560298
-1.14,2.58,0.079462230801
-1.14,2.64,0.071922357432
-1.14,2.7,0.0649488918
-1.14,2.76,0.058517295605
-1.14,2.82,0.052601898487
-1.14,2.88,0.047176233156
-1.14,2.94,0.04221334565
-1.14,3.0,0.037686079237
-1.08,-2.94,0.044041628791
-1.08,-2.88,0.049219461675
-1.08,-2.82,0.054880115546
-1.08,-2.76,0.061051711755
-1.08,-2.7,0.067761863908
-1.08,-2.64,0.075037354158
-1.08,-2.58,0.082903783576
-1.08,-2.52,0.091385198791
-1.08,-2.46,0.100503697765
-1.08,-2.4,0.1102790182
-1.08,-2.34,0.120728112716
-1.08,-2.28,0.131864715624
-1.08,-2.22,0.143698906675
-1.08,-2.16,0.156236677778
-1.08,-2.1,0.169479509171
-1.08,-2.04,0.183423961963
-1.08,-1.98,0.198061294296
-1.08,-1.92,0.213377108624
-1.08,-1.86,0.229351037686
-1.08,-1.8,0.245956476751
-1.08,-1.74,0.263160369506
-1.08,-1.68,0.280923054651
-1.08,-1.62,0.299198179773
-1.08,-1.56,0.317932688414
-1.08,-1.5,0.337066885456
-1.08,-1.44,0.356534584991
-1.08,-1.38,0.376263343727
-1.08,-1.32,0.396174781796
-1.08,-1.26,0.416184991463
-1.08,-1.2,0.436205032846
-1.08,-1.14,0.456141514257
-1.08,-1.08,0.475897253287
-1.08,-1.02,0.495372013215
-1.08,-0.96,0.514463307866
-1.08,-0.9,0.533067266586
-1.08,-0.84,0.551079549696
-1.08,-0.78,0.568396303571
-1.08,-0.72,0.584915143427
-1.08,-0.66,0.600536151065
-1.08,-0.6,0.61516287412
-1.08,-0.54,0.628703312967
-1.08,-0.48,0.641070881237
-1.08,-0.42,0.652185325965
-1.08,-0.36,0.661973593711
-1.08,-0.3,0.670370629624
-1.08,-0.24,0.677320097193
-1.08,-0.18,0.682775007591
-1.08,-0.12,0.686698248745
-1.08,-0.06,0.689063005822
-1.08,0.0,0.689853066448
-1.08,0.06,0.689063005822
-1.08,0.12,0.686698248745
-1.08,0.18,0.682775007591
-1.08,0.24,0.677320097193
-1.08,0.3,0.670370629624
-1.08,0.36,0.661973593711
-1.08,0.42,0.652185325965
-1.08,0.48,0.641070881237
-1.08,0.54,0.628703312967
-1.08,0.6,0.61516287412
-1.08,0.66,0.600536151065
-1.08,0.72,0.584915143427
-1.08,0.78,0.568396303571
-1.08,0.84,0.551079549696
-1.08,0.9,0.533067266586
-1.08,0.96,0.514463307866
-1.08,1.02,0.495372013215
-1.08,1.08,0.475897253287
-1.08,1.14,0.456141514257
-1.08,1.2,0.436205032846
-1.08,1.26,0.416184991463
-1.08,1.32,0.396174781796
-1.08,1.38,0.376263343727
-1.08,1.44,0.356534584991
-1.08,1.5,0.337066885456
-1.08,1.56,0.317932688414
-1.08,1.62,0.299198179773
-1.08,1.68,0.280923054651
-1.08,1.74,0.263160369506
-1.08,1.8,0.245956476751
-1.08,1.86,0.229351037686
-1.08,1.92,0.213377108624
-1.08,1.98,0.198061294296
-1.08,2.04,0.183423961963
-1.08,2.1,0.169479509171
-1.08,2.16,0.156236677778
-1.08,2.22,0.143698906675
-1.08,2.28,0.131864715624
-1.08,2.34,0.120728112716
-1.08,2.4,0.1102790182
-1.08,2.46,0.100503697765
-1.08,2.52,0.091385198791
-1.08,2.58,0.082903783576
-1.08,2.64,0.075037354158
-1.08,2.7,0.067761863908
-1.08,2.76,0.061051711755
-1.08,2.82,0.054880115546
-1.08,2.88,0.049219461675
-1.08,2.94,0.044041628791
-1.08,3.0,0.039318283987
-1.02,-2.94,0.045843908887
-1.02,-2.88,0.051233630055
-1.02,-2.82,0.057125930305
-1.02,-2.76,0.063550081774
-1.02,-2.7,0.070534828078
-1.02,-2.64,0.078108047355
-1.02,-2.58,0.086296388327
-1.02,-2.52,0.095124881664
-1.02,-2.46,0.104616529626
-1.02,-2.4,0.114791877624
-1.02,-2.34,0.125668572018
-1.02,-2.28,0.137260909155
-1.02,-2.22,0.149579381273
-1.02,-2.16,0.162630225483
-1.02,-2.1,0.176414982598
-1.02,-2.04,0.190930072998
-1.02,-1.98,0.206166397091
-1.02,-1.92,0.22210896815
-1.02,-1.86,0.238736585443
-1.02,-1.8,0.256021555514
-1.02,-1.74,0.273929469313
-1.02,-1.68,0.292419042514
-1.02,-1.62,0.31144202586
-1.02,-1.56,0.330943191705
-1.02,-1.5,0.350860402079
-1.02,-1.44,0.3711247626
-1.02,-1.38,0.391660865436
-1.02,-1.32,0.412387123245
-1.02,-1.26,0.433216194603
-1.02,-1.2,0.454055500012
-1.02,-1.14,0.474807825992
-1.02,-1.08,0.495372013215
-1.02,-1.02,0.515643723056
-1.02,-0.96,0.535516275378
-1.02,-0.9,0.554881548914
-1.02,-0.84,0.573630934176
-1.02,-0.78,0.591656327619
-1.02,-0.72,0.608851154652
-1.02,-0.66,0.625111408202
-1.02,-0.6,0.640336688862
-1.02,-0.54,0.654431232179
-1.02,-0.48,0.667304908483
-1.02,-0.42,0.678874180679
-1.02,-0.36,0.689063005822
-1.02,-0.3,0.69780366687
-1.02,-0.24,0.705037521902
-1.02,-0.18,0.710715659204
-1.02,-0.12,0.714799447996
-1.02,-0.06,0.717260976121
-1.02,0.0,0.718083367762
-1.02,0.06,0.717260976121
-1.02,0.12,0.714799447996
-1.02,0.18,0.710715659204
-1.02,0.24,0.705037521902
-1.02,0.3,0.69780366687
-1.02,0.36,0.689063005822
-1.02,0.42,0.678874180679
-1.02,0.48,0.667304908483
-1.02,0.54,0.654431232179
-1.02,0.6,0.640336688862
-1.02,0.66,0.625111408202
-1.02,0.72,0.608851154652
-1.02,0.78,0.591656327619
-1.02,0.84,0.573630934176
-1.02,0.9,0.554881548914
-1.02,0.96,0.535516275378
-1.02,1.02,0.515643723056
-1.02,1.08,0.495372013215
-1.02,1.14,0.474807825992
-1.02,1.2,0.454055500012
-1.02,1.26,0.433216194603
-1.02,1.32,0.412387123245
-1.02,1.38,0.391660865436
-1.02,1.44,0.3711247626
-1.02,1.5,0.350860402079
-1.02,1.56,0.330943191705
-1.02,1.62,0.31144202586
-1.02,1.68,0.292419042514
-1.02,1.74,0.273929469313
-1.02,1.8,0.256021555514
-1.02,1.86,0.238736585443
-1.02,1.92,0.22210896815
-1.02,1.98,0.206166397091
-1.02,2.04,0.190930072998
-1.02,2.1,0.176414982598
-1.02,2.16,0.162630225483
-1.02,2.22,0.149579381273
-1.02,2.28,0.137260909155
-1.02,2.34,0.125668572018
-1.02,2.4,0.114791877624
-1.02,2.46,0.104616529626
-1.02,2.52,0.095124881664
-1.02,2.58,0.086296388327
-1.02,2.64,0.078108047355
-1.02,2.7,0.070534828078
-1.02,2.76,0.063550081774
-1.02,2.82,0.057125930305
-1.02,2.88,0.051233630055
-1.02,2.94,0.045843908887
-1.02,3.0,0.040927274449
-0.96,-2.94,0.047610701417
-0.96,-2.88,0.05320813871
-0.96,-2.82,0.059327524135
-0.96,-2.76,0.065999257957
-0.96,-2.7,0.07325319155
-0.96,-2.64,0.081118277458
-0.96,-2.58,0.089622191426
-0.96,-2.52,0.098790928788
-0.96,-2.46,0.108648378296
-0.96,-2.4,0.119215877165
-0.96,-2.34,0.130511751835
-0.96,-2.28,0.142550849626
-0.96,-2.22,0.155344067136
-0.96,-2.16,0.168897881852
-0.96,-2.1,0.183213893969
-0.96,-2.04,0.19828838591
-0.96,-1.98,0.214111907392
-0.96,-1.92,0.23066889411
-0.96,-1.86,0.247937328268
-0.96,-1.8,0.265888449127
-0.96,-1.74,0.284486521534
-0.96,-1.68,0.303688670093
-0.96,-1.62,0.323444786055
-0.96,-1.56,0.34369751334
-0.96,-1.5,0.364382319222
-0.96,-1.44,0.385427654176
-0.96,-1.38,0.406755204207
-0.96,-1.32,0.428280237652
-0.96,-1.26,0.449912047009
-0.96,-1.2,0.47155448483
-0.96,-1.14,0.493106591095
-0.96,-1.08,0.514463307866
-0.96,-1.02,0.535516275378
-0.96,-0.96,0.556154702118
-0.96,-0.9,0.576266299897
-0.96,-0.84,0.595738273495
-0.96,-0.78,0.61445835313
-0.96,-0.72,0.6323158569
-0.96,-0.66,0.649202769372
-0.96,-0.6,0.665014821814
-0.96,-0.54,0.679652559079
-0.96,-0.48,0.693022377961
-0.96,-0.42,0.705037521902
-0.96,-0.36,0.715619017316
-0.96,-0.3,0.724696537394
-0.96,-0.24,0.732209180194
-0.96,-0.18,0.738106148979
-0.96,-0.12,0.742347324166
-0.96,-0.06,0.744903717882
-0.96,0.0,0.745757803927
-0.96,0.06,0.744903717882
-0.96,0.12,0.742347324166
-0.96,0.18,0.738106148979
-0.96,0.24,0.732209180194
-0.96,0.3,0.724696537394
-0.96,0.36,0.715619017316
-0.96,0.42,0.705037521902
-0.96,0.48,0.693022377961
-0.96,0.54,0.679652559079
-0.96,0.6,0.665014821814
-0.96,0.66,0.649202769372
-0.96,0.72,0.6323158569
-0.96,0.78,0.61445835313
-0.96,0.84,0.595738273495
-0.96,0.9,0.576266299897
-0.96,0.96,0.556154702118
-0.96,1.02,0.535516275378
-0.96,1.08,0.514463307866
-0.96,1.14,0.493106591095
-0.96,1.2,0.47155448483
-0.96,1.26,0.449912047009
-0.96,1.32,0.428280237652
-0.96,1.38,0.406755204207
-0.96,1.44,0.385427654176
-0.96,1.5,0.364382319222
-0.96,1.56,0.34369751334
-0.96,1.62,0.323444786055
-0.96,1.68,0.303688670093
-0.96,1.74,0.284486521534
-0.96,1.8,0.265888449127
-0.96,1.86,0.247937328268
-0.96,1.92,0.23066889411
-0.96,1.98,0.214111907392
-0.96,2.04,0.19828838591
-0.96,2.1,0.183213893969
-0.96,2.16,0.168897881852
-0.96,2.22,0.155344067136
-0.96,2.28,0.142550849626
-0.96,2.34,0.130511751835
-0.96,2.4,0.119215877165
-0.96,2.46,0.108648378296
-0.96,2.52,0.098790928788
-0.96,2.58,0.089622191426
-0.96,2.64,0.081118277458
-0.96,2.7,0.07325319155
-0.96,2.76,0.065999257957
-0.96,2.82,0.059327524135
-0.96,2.88,0.05320813871
-0.96,2.94,0.047610701417
-0.96,3.0,0.042504583289
-0.9,-2.94,0.049332393733
-0.9,-2.88,0.055132244863
-0.9,-2.82,0.061472918749
-0.9,-2.76,0.068385914987
-0.9,-2.7,0.075902164433
-0.9,-2.64,0.084051666608
-0.9,-2.58,0.092863098064
-0.9,-2.52,0.102363394177
-0.9,-2.46,0.112577307559
-0.9,-2.4,0.123526947019
-0.9,-2.34,0.135231301717
-0.9,-2.28,0.147705755877
-0.9,-2.22,0.160961600142
-0.9,-2.16,0.175005546235
-0.9,-2.1,0.189839252217
-0.9,-2.04,0.205458866078
-0.9,-1.98,0.221854595793
-0.9,-1.92,0.239010314223
-0.9,-1.86,0.256903207369
-0.9,-1.8,0.275503474447
-0.9,-1.74,0.294774088056
-0.9,-1.68,0.314670622344
-0.9,-1.62,0.335141156537
-0.9,-1.56,0.356126260449
-0.9,-1.5,0.377559067731
-0.9,-1.44,0.399365441493
-0.9,-1.38,0.42146423576
-0.9,-1.32,0.44376765481
-0.9,-1.26,0.466181710991
-0.9,-1.2,0.48860677998
-0.9,-1.14,0.510938250855
-0.9,-1.08,0.533067266586
-0.9,-1.02,0.554881548914
-0.9,-0.96,0.576266299897
-0.9,-0.9,0.597105170796
-0.9,-0.84,0.617281287502
-0.9,-0.78,0.63667832035
-0.9,-0.72,0.65518158497
-0.9,-0.66,0.672679159888
-0.9,-0.6,0.689063005822
-0.9,-0.54,0.704230071138
-0.9,-0.48,0.718083367762
-0.9,-0.42,0.730533001857
-0.9,-0.36,0.741497144004
-0.9,-0.3,0.750902924244
-0.9,-0.24,0.758687238307
-0.9,-0.18,0.76479745255
-0.9,-0.12,0.769191996591
-0.9,-0.06,0.771840834301
-0.9,0.0,0.772725805701
-0.9,0.06,0.771840834301
-0.9,0.12,0.769191996591
-0.9,0.18,0.76479745255
-0.9,0.24,0.758687238307
-0.9,0.3,0.750902924244
-0.9,0.36,0.741497144004
-0.9,0.42,0.730533001857
-0.9,0.48,0.718083367762
-0.9,0.54,0.704230071138
-0.9,0.6,0.689063005822
-0.9,0.66,0.672679159888
-0.9,0.72,0.65518158497
-0.9,0.78,0.63667832035
-0.9,0.84,0.617281287502
-0.9,0.9,0.597105170796
-0.9,0.96,0.576266299897
-0.9,1.02,0.554881548914
-0.9,1.08,0.533067266586
-0.9,1.14,0.510938250855
-0.9,1.2,0.48860677998
-0.9,1.26,0.466181710991
-0.9,1.32,0.44376765481
-0.9,1.38,0.42146423576
-0.9,1.44,0.399365441493
-0.9,1.5,0.377559067731
-0.9,1.56,0.356126260449
-0.9,1.62,0.335141156537
-0.9,1.68,0.314670622344
-0.9,1.74,0.294774088056
-0.9,1.8,0.275503474447
-0.9,1.86,0.256903207369
-0.9,1.92,0.239010314223
-0.9,1.98,0.221854595793
-0.9,2.04,0.205458866078
-0.9,2.1,0.189839252217
-0.9,2.16,0.175005546235
-0.9,2.22,0.160961600142
-0.9,2.28,0.147705755877
-0.9,2.34,0.135231301717
-0.9,2.4,0.123526947019
-0.9,2.46,0.112577307559
-0.9,2.52,0.102363394177
-0.9,2.58,0.092863098064
-0.9,2.64,0.084051666608
-0.9,2.7,0.075902164433
-0.9,2.76,0.068385914987
-0.9,2.82,0.061472918749
-0.9,2.88,0.055132244863
-0.9,2.94,0.049332393733
-0.9,3.0,0.044041628791
-0.84,-2.94,0.05099932978
-0.84,-2.88,0.056995157229
-0.84,-2.82,0.063550081774
-0.84,-2.76,0.070696667379
-0.84,-2.7,0.07846689005
-0.84,-2.64,0.086891762989
-0.84,-2.58,0.096000931726
-0.84,-2.52,0.105822241777
-0.84,-2.46,0.116381282146
-0.84,-2.4,0.127700908695
-0.84,-2.34,0.139800752224
-0.84,-2.28,0.152696716791
-0.84,-2.22,0.166400474546
-0.84,-2.16,0.180918964001
-0.84,-2.1,0.196253899243
-0.84,-2.04,0.212401298104
-0.84,-1.98,0.229351037686
-0.84,-1.92,0.247086445916
-0.84,-1.86,0.265583937913
-0.84,-1.8,0.284812705928
-0.84,-1.74,0.304734471408
-0.84,-1.68,0.325303307357
-0.84,-1.62,0.346465538602
-0.84,-1.56,0.368159726821
-0.84,-1.5,0.390316746255
-0.84,-1.44,0.41285995494
-0.84,-1.38,0.435705464984
-0.84,-1.32,0.458762514061
-0.84,-1.26,0.481933938684
-0.84,-1.2,0.505116748238
-0.84,-1.14,0.528202797008
-0.84,-1.08,0.551079549696
-0.84,-1.02,0.573630934176
-0.84,-0.96,0.595738273495
-0.84,-0.9,0.617281287502
-0.84,-0.84,0.638139152928
-0.84,-0.78,0.658191609338
-0.84,-0.72,0.677320097193
-0.84,-0.66,0.695408913204
-0.84,-0.6,0.712346367453
-0.84,-0.54,0.728025926204
-0.84,-0.48,0.742347324166
-0.84,-0.42,0.75521763
-0.84,-0.36,0.766552249279
-0.84,-0.3,0.776275849778
-0.84,-0.24,0.784323194939
-0.84,-0.18,0.790639872636
-0.84,-0.12,0.795182907827
-0.84,-0.06,0.797921249466
-0.84,0.0,0.79883612395
-0.84,0.06,0.797921249466
-0.84,0.12,0.795182907827
-0.84,0.18,0.790639872636
-0.84,0.24,0.784323194939
-0.84,0.3,0.776275849778
-0.84,0.36,0.766552249279
-0.84,0.42,0.75521763
-0.84,0.48,0.742347324166
-0.84,0.54,0.728025926204
-0.84,0.6,0.712346367453
-0.84,0.66,0.695408913204
-0.84,0.72,0.677320097193
-0.84,0.78,0.658191609338
-0.84,0.84,0.638139152928
-0.84,0.9,0.617281287502
-0.84,0.96,0.595738273495
-0.84,1.02,0.573630934176
-0.84,1.08,0.551079549696
-0.84,1.14,0.528202797008
-0.84,1.2,0.505116748238
-0.84,1.26,0.481933938684
-0.84,1.32,0.458762514061
-0.84,1.38,0.435705464984
-0.84,1.44,0.41285995494
-0.84,1.5,0.390316746255
-0.84,1.56,0.368159726821
-0.84,1.62,0.346465538602
-0.84,1.68,0.325303307357
-0.84,1.74,0.304734471408
-0.84,1.8,0.284812705928
-0.84,1.86,0.265583937913
-0.84,1.92,0.247086445916
-0.84,1.98,0.229351037686
-0.84,2.04,0.212401298104
-0.84,2.1,0.196253899243
-0.84,2.16,0.180918964001
-0.84,2.22,0.166400474546
-0.84,2.28,0.152696716791
-0.84,2.34,0.139800752224
-0.84,2.4,0.127700908695
-0.84,2.46,0.116381282146
-0.84,2.52,0.105822241777
-0.84,2.58,0.096000931726
-0.84,2.64,0.086891762989
-0.84,2.7,0.07846689005
-0.84,2.76,0.070696667379
-0.84,2.82,0.063550081774
-0.84,2.88,0.056995157229
-0.84,2.94,0.05099932978
-0.84,3.0,0.045529790485
-0.78,-2.94,0.052601898487
-0.78,-2.88,0.058786134793
-0.78,-2.82,0.065547036888
-0.78,-2.76,0.072918192002
-0.78,-2.7,0.080932580935
-0.78,-2.64,0.089622191426
-0.78,-2.58,0.099017600567
-0.78,-2.52,0.109147528873
-0.78,-2.46,0.120038369439
-0.78,-2.4,0.131713696335
-0.78,-2.34,0.144193757225
-0.78,-2.28,0.157494955927
-0.78,-2.22,0.171629331367
-0.78,-2.16,0.18660404009
-0.78,-2.1,0.202420850044
-0.78,-2.04,0.219075653927
-0.78,-1.98,0.236558010749
-0.78,-1.92,0.254850724543
-0.78,-1.86,0.273929469313
-0.78,-1.8,0.293762469228
-0.78,-1.74,0.314310242894
-0.78,-1.68,0.335525420138
-0.78,-1.62,0.357352639133
-0.78,-1.56,0.37972853096
-0.78,-1.5,0.402581797701
-0.78,-1.44,0.425833389044
-0.78,-1.38,0.449396781062
-0.78,-1.32,0.473178359373
-0.78,-1.26,0.49707790729
-0.78,-1.2,0.520989197891
-0.78,-1.14,0.544800687161
-0.78,-1.08,0.568396303571
-0.78,-1.02,0.591656327619
-0.78,-0.96,0.61445835313
-0.78,-0.9,0.63667832035
-0.78,-0.84,0.658191609338
-0.78,-0.78,0.678874180679
-0.78,-0.72,0.698603749297
-0.78,-0.66,0.717260976121
-0.78,-0.6,0.734730661563
-0.78,-0.54,0.750902924244
-0.78,-0.48,0.765674348203
-0.78,-0.42,0.778949081889
-0.78,-0.36,0.790639872636
-0.78,-0.3,0.80066902103
-0.78,-0.24,0.808969240564
-0.78,-0.18,0.815484409301
-0.78,-0.12,0.82017020178
-0.78,-0.06,0.822994591229
-0.78,0.0,0.823938214115
-0.78,0.06,0.822994591229
-0.78,0.12,0.82017020178
-0.78,0.18,0.815484409301
-0.78,0.24,0.808969240564
-0.78,0.3,0.80066902103
-0.78,0.36,0.790639872636
-0.78,0.42,0.778949081889
-0.78,0.48,0.765674348203
-0.78,0.54,0.750902924244
-0.78,0.6,0.734730661563
-0.78,0.66,0.717260976121
-0.78,0.72,0.698603749297
-0.78,0.78,0.678874180679
-0.78,0.84,0.658191609338
-0.78,0.9,0.63667832035
-0.78,0.96,0.61445835313
-0.78,1.02,0.591656327619
-0.78,1.08,0.568396303571
-0.78,1.14,0.544800687161
-0.78,1.2,0.520989197891
-0.78,1.26,0.49707790729
-0.78,1.32,0.473178359373
-0.78,1.38,0.449396781062
-0.78,1.44,0.425833389044
-0.78,1.5,0.402581797701
-0.78,1.56,0.37972853096
-0.78,1.62,0.357352639133
-0.78,1.68,0.335525420138
-0.78,1.74,0.314310242894
-0.78,1.8,0.293762469228
-0.78,1.86,0.273929469313
-0.78,1.92,0.254850724543
-0.78,1.98,0.236558010749
-0.78,2.04,0.219075653927
-0.78,2.1,0.202420850044
-0.78,2.16,0.18660404009
-0.78,2.22,0.171629331367
-0.78,2.28,0.157494955927
-0.78,2.34,0.144193757225
-0.78,2.4,0.131713696335
-0.78,2.46,0.120038369439
-0.78,2.52,0.109147528873
-0.78,2.58,0.099017600567
-0.78,2.64,0.089622191426
-0.78,2.7,0.080932580935
-0.78,2.76,0.072918192002
-0.78,2.82,0.065547036888
-0.78,2.88,0.058786134793
-0.78,2.94,0.052601898487
-0.78,3.0,0.04696048806
-0.72,-2.94,0.054130624716
-0.72,-2.88,0.060494588456
-0.72,-2.82,0.067451977153
-0.72,-2.76,0.075037354158
-0.72,-2.7,0.083284658763
-0.72,-2.64,0.092226808343
-0.72,-2.58,0.101895268624
-0.72,-2.52,0.112319594805
-0.72,-2.46,0.123526947019
-0.72,-2.4,0.135541584453
-0.72,-2.34,0.148384343211
-0.72,-2.28,0.162072103841
-0.72,-2.22,0.176617255148
-0.72,-2.16,0.192027161661
-0.72,-2.1,0.208303642709
-0.72,-2.04,0.225442471623
-0.72,-1.98,0.243432903974
-0.72,-1.92,0.262257244043
-0.72,-1.86,0.281890458868
-0.72,-1.8,0.302299849141
-0.72,-1.74,0.323444786055
-0.72,-1.68,0.345276522754
-0.72,-1.62,0.367738088477
-0.72,-1.56,0.390764272665
-0.72,-1.5,0.414281705325
-0.72,-1.44,0.438209038771
-0.72,-1.38,0.462457234502
-0.72,-1.32,0.486929957497
-0.72,-1.26,0.511524078553
-0.72,-1.2,0.536130283561
-0.72,-1.14,0.560633786793
-0.72,-1.08,0.584915143427
-0.72,-1.02,0.608851154652
-0.72,-0.96,0.6323158569
-0.72,-0.9,0.65518158497
-0.72,-0.84,0.677320097193
-0.72,-0.78,0.698603749297
-0.72,-0.72,0.718906702334
-0.72,-0.66,0.738106148979
-0.72,-0.6,0.756083541692
-0.72,-0.54,0.772725805701
-0.72,-0.48,0.78792651955
-0.72,-0.42,0.801587046033
-0.72,-0.36,0.813617596732
-0.72,-0.3,0.823938214115
-0.72,-0.24,0.832479656184
-0.72,-0.18,0.839184169976
-0.72,-0.12,0.844006141834
-0.72,-0.06,0.846912614218
-0.72,0.0,0.847883660848
-0.72,0.06,0.846912614218
-0.72,0.12,0.844006141834
-0.72,0.18,0.839184169976
-0.72,0.24,0.832479656184
-0.72,0.3,0.823938214115
-0.72,0.36,0.813617596732
-0.72,0.42,0.801587046033
-0.72,0.48,0.78792651955
-0.72,0.54,0.772725805701
-0.72,0.6,0.756083541692
-0.72,0.66,0.738106148979
-0.72,0.72,0.718906702334
-0.72,0.78,0.698603749297
-0.72,0.84,0.677320097193
-0.72,0.9,0.65518158497
-0.72,0.96,0.6323158569
-0.72,1.02,0.608851154652
-0.72,1.08,0.584915143427
-0.72,1.14,0.560633786793
-0.72,1.2,0.536130283561
-0.72,1.26,0.511524078553
-0.72,1.32,0.486929957497
-0.72,1.38,0.462457234502
-0.72,1.44,0.438209038771
-0.72,1.5,0.414281705325
-0.72,1.56,0.390764272665
-0.72,1.62,0.367738088477
-0.72,1.68,0.345276522754
-0.72,1.74,0.323444786055
-0.72,1.8,0.302299849141
-0.72,1.86,0.281890458868
-0.72,1.92,0.262257244043
-0.72,1.98,0.243432903974
-0.72,2.04,0.225442471623
-0.72,2.1,0.208303642709
-0.72,2.16,0.192027161661
-0.72,2.22,0.176617255148
-0.72,2.28,0.162072103841
-0.72,2.34,0.148384343211
-0.72,2.4,0.135541584453
-0.72,2.46,0.123526947019
-0.72,2.52,0.112319594805
-0.72,2.58,0.101895268624
-0.72,2.64,0.092226808343
-0.72,2.7,0.083284658763
-0.72,2.76,0.075037354158
-0.72,2.82,0.067451977153
-0.72,2.88,0.060494588456
-0.72,2.94,0.054130624716
-0.72,3.0,0.048325262562
-0.66,-2.94,0.055576261594
-0.66,-2.88,0.06211018422
-0.66,-2.82,0.069253380078
-0.66,-2.76,0.077041335583
-0.66,-2.7,0.085508896425
-0.66,-2.64,0.094689859084
-0.66,-2.58,0.104616529626
-0.66,-2.52,0.115319252564
-0.66,-2.46,0.126825913381
-0.66,-2.4,0.139161419141
-0.66,-2.34,0.152347162407
-0.66,-2.28,0.166400474546
-0.66,-2.22,0.181334075225
-0.66,-2.16,0.197155525651
-0.66,-2.1,0.213866693743
-0.66,-2.04,0.231463239953
-0.66,-1.98,0.249934132904
-0.66,-1.92,0.26926120429
-0.66,-1.86,0.289418752605
-0.66,-1.8,0.310373205261
-0.66,-1.74,0.332082848397
-0.66,-1.68,0.354497633303
-0.66,-1.62,0.377559067731
-0.66,-1.56,0.401200199579
-0.66,-1.5,0.425345699404
-0.66,-1.44,0.449912047009
-0.66,-1.38,0.474807825992
-0.66,-1.32,0.499934128565
-0.66,-1.26,0.525185071311
-0.66,-1.2,0.550448420728
-0.66,-1.14,0.57560632557
-0.66,-1.08,0.600536151065
-0.66,-1.02,0.625111408202
-0.66,-0.96,0.649202769372
-0.66,-0.9,0.672679159888
-0.66,-0.84,0.695408913204
-0.66,-0.78,0.717260976121
-0.66,-0.72,0.738106148979
-0.66,-0.66,0.757818344707
-0.66,-0.6,0.776275849778
-0.66,-0.54,0.793362569595
-0.66,-0.48,0.808969240564
-0.66,-0.42,0.822994591229
-0.66,-0.36,0.835346435241
-0.66,-0.3,0.845942679687
-0.66,-0.24,0.854712233361
-0.66,-0.18,0.861595800922
-0.66,-0.12,0.866546550535
-0.66,-0.06,0.869530644481
-0.66,0.0,0.870527624321
-0.66,0.06,0.869530644481
-0.66,0.12,0.866546550535
-0.66,0.18,0.861595800922
-0.66,0.24,0.854712233361
-0.66,0.3,0.845942679687
-0.66,0.36,0.835346435241
-0.66,0.42,0.822994591229
-0.66,0.48,0.808969240564
-0.66,0.54,0.793362569595
-0.66,0.6,0.776275849778
-0.66,0.66,0.757818344707
-0.66,0.72,0.738106148979
-0.66,0.78,0.717260976121
-0.66,0.84,0.695408913204
-0.66,0.9,0.672679159888
-0.66,0.96,0.649202769372
-0.66,1.02,0.625111408202
-0.66,1.08,0.600536151065
-0.66,1.14,0.57560632557
-0.66,1.2,0.550448420728
-0.66,1.26,0.525185071311
-0.66,1.32,0.499934128565
-0.66,1.38,0.474807825992
-0.66,1.44,0.449912047009
-0.66,1.5,0.425345699404
-0.66,1.56,0.401200199579
-0.66,1.62,0.377559067731
-0.66,1.68,0.354497633303
-0.66,1.74,0.332082848397
-0.66,1.8,0.310373205261
-0.66,1.86,0.289418752605
-0.66,1.92,0.26926120429
-0.66,1.98,0.249934132904
-0.66,2.04,0.231463239953
-0.66,2.1,0.213866693743
-0.66,2.16,0.197155525651
-0.66,2.22,0.181334075225
-0.66,2.28,0.166400474546
-0.66,2.34,0.152347162407
-0.66,2.4,0.139161419141
-0.66,2.46,0.126825913381
-0.66,2.52,0.115319252564
-0.66,2.58,0.104616529626
-0.66,2.64,0.094689859084
-0.66,2.7,0.085508896425
-0.66,2.76,0.077041335583
-0.66,2.82,0.069253380078
-0.66,2.88,0.06211018422
-0.66,2.94,0.055576261594
-0.66,3.0,0.04961585882
-0.6,-2.94,0.056929882996
-0.6,-2.88,0.063622946544
-0.6,-2.82,0.070940122849
-0.6,-2.76,0.078917762635
-0.6,-2.7,0.087591560298
-0.6,-2.64,0.096996135471
-0.6,-2.58,0.107164581069
-0.6,-2.52,0.118127980676
-0.6,-2.46,0.129914898962
-0.6,-2.4,0.142550849626
-0.6,-2.34,0.156057746273
-0.6,-2.28,0.170453342393
-0.6,-2.22,0.185750667455
-0.6,-2.16,0.201957466829
-0.6,-2.1,0.219075653927
-0.6,-2.04,0.237100783508
-0.6,-1.98,0.256021555514
-0.6,-1.92,0.275819359128
-0.6,-1.86,0.296467866857
-0.6,-1.8,0.317932688414
-0.6,-1.74,0.340171093952
-0.6,-1.68,0.363131815769
-0.6,-1.62,0.386754936973
-0.6,-1.56,0.41097187477
-0.6,-1.5,0.435705464984
-0.6,-1.44,0.460870153193
-0.6,-1.38,0.486372296445
-0.6,-1.32,0.512110577945
-0.6,-1.26,0.537976535367
-0.6,-1.2,0.563855201638
-0.6,-1.14,0.589625855114
-0.6,-1.08,0.61516287412
-0.6,-1.02,0.640336688862
-0.6,-0.96,0.665014821814
-0.6,-0.9,0.689063005822
-0.6,-0.84,0.712346367453
-0.6,-0.78,0.734730661563
-0.6,-0.72,0.756083541692
-0.6,-0.66,0.776275849778
-0.6,-0.6,0.795182907827
-0.6,-0.54,0.812685793629
-0.6,-0.48,0.828672582354
-0.6,-0.42,0.843039535967
-0.6,-0.36,0.85569222282
-0.6,-0.3,0.866546550535
-0.6,-0.24,0.875529696401
-0.6,-0.18,0.882580920873
-0.6,-0.12,0.887652251476
-0.6,-0.06,0.890709026335
-0.6,0.0,0.891730288723
-0.6,0.06,0.890709026335
-0.6,0.12,0.887652251476
-0.6,0.18,0.882580920873
-0.6,0.24,0.875529696401
-0.6,0.3,0.866546550535
-0.6,0.36,0.85569222282
-0.6,0.42,0.843039535967
-0.6,0.48,0.828672582354
-0.6,0.54,0.812685793629
-0.6,0.6,0.795182907827
-0.6,0.66,0.776275849778
-0.6,0.72,0.756083541692
-0.6,0.78,0.734730661563
-0.6,0.84,0.712346367453
-0.6,0.9,0.689063005822
-0.6,0.96,0.665014821814
-0.6,1.02,0.640336688862
-0.6,1.08,0.61516287412
-0.6,1.14,0.589625855114
-0.6,1.2,0.563855201638
-0.6,1.26,0.537976535367
-0.6,1.32,0.512110577945
-0.6,1.38,0.486372296445
-0.6,1.44,0.460870153193
-0.6,1.5,0.435705464984
-0.6,1.56,0.41097187477
-0.6,1.62,0.386754936973
-0.6,1.68,0.363131815769
-0.6,1.74,0.340171093952
-0.6,1.8,0.317932688414
-0.6,1.86,0.296467866857
-0.6,1.92,0.275819359128
-0.6,1.98,0.256021555514
-0.6,2.04,0.237100783508
-0.6,2.1,0.219075653927
-0.6,2.16,0.201957466829
-0.6,2.22,0.185750667455
-0.6,2.28,0.170453342393
-0.6,2.34,0.156057746273
-0.6,2.4,0.142550849626
-0.6,2.46,0.129914898962
-0.6,2.52,0.118127980676
-0.6,2.58,0.107164581069
-0.6,2.64,0.096996135471
-0.6,2.7,0.087591560298
-0.6,2.76,0.078917762635
-0.6,2.82,0.070940122849
-0.6,2.88,0.063622946544
-0.6,2.94,0.056929882996
-0.6,3.0,0.050824308012
-0.54,-2.94,0.058182974871
-0.54,-2.88,0.065023360407
-0.54,-2.82,0.072501596136
-0.54,-2.76,0.080654832903
-0.54,-2.7,0.08951955078
-0.54,-2.64,0.099131131415
-0.54,-2.58,0.109523396136
-0.54,-2.52,0.120728112716
-0.54,-2.46,0.132774474562
-0.54,-2.4,0.14568855696
-0.54,-2.34,0.159492755859
-0.54,-2.28,0.174205215524
-0.54,-2.22,0.189839252217
-0.54,-2.16,0.206402781792
-0.54,-2.1,0.223897759779
-0.54,-2.04,0.242319643089
-0.54,-1.98,0.26165688294
-0.54,-1.92,0.281890458868
-0.54,-1.86,0.302993463882
-0.54,-1.8,0.324930750726
-0.54,-1.74,0.347658649019
-0.54,-1.68,0.3711247626
-0.54,-1.62,0.395267855735
-0.54,-1.56,0.420017836047
-0.54,-1.5,0.445295840886
-0.54,-1.44,0.47101443268
-0.54,-1.38,0.49707790729
-0.54,-1.32,0.523382717821
-0.54,-1.26,0.549818014566
-0.54,-1.2,0.576266299897
-0.54,-1.14,0.602604194948
-0.54,-1.08,0.628703312967
-0.54,-1.02,0.654431232179
-0.54,-0.96,0.679652559079
-0.54,-0.9,0.704230071138
-0.54,-0.84,0.728025926204
-0.54,-0.78,0.750902924244
-0.54,-0.72,0.772725805701
-0.54,-0.66,0.793362569595
-0.54,-0.6,0.812685793629
-0.54,-0.54,0.830573937978
-0.54,-0.48,0.846912614218
-0.54,-0.42,0.861595800922
-0.54,-0.36,0.874526987891
-0.54,-0.3,0.885620231781
-0.54,-0.24,0.894801106967
-0.54,-0.18,0.902007536959
-0.54,-0.12,0.907190493353
-0.54,-0.06,0.910314551325
-0.54,0.0,0.911358292867
-0.54,0.06,0.910314551325
-0.54,0.12,0.907190493353
-0.54,0.18,0.902007536959
-0.54,0.24,0.894801106967
-0.54,0.3,0.885620231781
-0.54,0.36,0.874526987891
-0.54,0.42,0.861595800922
-0.54,0.48,0.846912614218
-0.54,0.54,0.830573937978
-0.54,0.6,0.812685793629
-0.54,0.66,0.793362569595
-0.54,0.72,0.772725805701
-0.54,0.78,0.750902924244
-0.54,0.84,0.728025926204
-0.54,0.9,0.704230071138
-0.54,0.96,0.679652559079
-0.54,1.02,0.654431232179
-0.54,1.08,0.628703312967
-0.54,1.14,0.602604194948
-0.54,1.2,0.576266299897
-0.54,1.26,0.549818014566
-0.54,1.32,0.523382717821
-0.54,1.38,0.49707790729
-0.54,1.44,0.47101443268
-0.54,1.5,0.445295840886
-0.54,1.56,0.420017836047
-0.54,1.62,0.395267855735
-0.54,1.68,0.3711247626
-0.54,1.74,0.347658649019
-0.54,1.8,0.324930750726
-0.54,1.86,0.302993463882
-0.54,1.92,0.281890458868
-0.54,1.98,0.26165688294
-0.54,2.04,0.242319643089
-0.54,2.1,0.223897759779
-0.54,2.16,0.206402781792
-0.54,2.22,0.189839252217
-0.54,2.28,0.174205215524
-0.54,2.34,0.159492755859
-0.54,2.4,0.14568855696
-0.54,2.46,0.132774474562
-0.54,2.52,0.120728112716
-0.54,2.58,0.109523396136
-0.54,2.64,0.099131131415
-0.54,2.7,0.08951955078
-0.54,2.76,0.080654832903
-0.54,2.82,0.072501596136
-0.54,2.88,0.065023360407
-0.54,2.94,0.058182974871
-0.54,3.0,0.051943009194
-0.48,-2.94,0.059327524135
-0.48,-2.88,0.066302470653
-0.48,-2.82,0.073927814865
-0.48,-2.76,0.082241438432
-0.48,-2.7,0.091280539044
-0.48,-2.64,0.101081194362
-0.48,-2.58,0.111677891032
-0.48,-2.52,0.123103021747
-0.48,-2.46,0.135386354195
-0.48,-2.4,0.148554476604
-0.48,-2.34,0.162630225483
-0.48,-2.28,0.177632102025
-0.48,-2.22,0.193573684443
-0.48,-2.16,0.210463044308
-0.48,-2.1,0.228302175618
-0.48,-2.04,0.247086445916
-0.48,-1.98,0.266804079235
-0.48,-1.92,0.287435680951
-0.48,-1.86,0.30895381477
-0.48,-1.8,0.331322642036
-0.48,-1.74,0.354497633303
-0.48,-1.68,0.378425361696
-0.48,-1.62,0.40304338688
-0.48,-1.56,0.428280237652
-0.48,-1.5,0.454055500012
-0.48,-1.44,0.480280016355
-0.48,-1.38,0.506856199892
-0.48,-1.32,0.533678466802
-0.48,-1.26,0.560633786793
-0.48,-1.2,0.587602350875
-0.48,-1.14,0.61445835313
-0.48,-1.08,0.641070881237
-0.48,-1.02,0.667304908483
-0.48,-0.96,0.693022377961
-0.48,-0.9,0.718083367762
-0.48,-0.84,0.742347324166
-0.48,-0.78,0.765674348203
-0.48,-0.72,0.78792651955
-0.48,-0.66,0.808969240564
-0.48,-0.6,0.828672582354
-0.48,-0.54,0.846912614218
-0.48,-0.48,0.863572697535
-0.48,-0.42,0.878544725271
-0.48,-0.36,0.891730288723
-0.48,-0.3,0.903041753908
-0.48,-0.24,0.912403231134
-0.48,-0.18,0.91975142277
-0.48,-0.12,0.925036335946
-0.48,-0.06,0.928221848979
-0.48,0.0,0.929286122534
-0.48,0.06,0.928221848979
-0.48,0.12,0.925036335946
-0.48,0.18,0.91975142277
-0.48,0.24,0.912403231134
-0.48,0.3,0.903041753908
-0.48,0.36,0.891730288723
-0.48,0.42,0.878544725271
-0.48,0.48,0.863572697535
-0.48,0.54,0.846912614218
-0.48,0.6,0.828672582354
-0.48,0.66,0.808969240564
-0.48,0.72,0.78792651955
-0.48,0.78,0.765674348203
-0.48,0.84,0.742347324166
-0.48,0.9,0.718083367762
-0.48,0.96,0.693022377961
-0.48,1.02,0.667304908483
-0.48,1.08,0.641070881237
-0.48,1.14,0.61445835313
-0.48,1.2,0.587602350875
-0.48,1.26,0.560633786793
-0.48,1.32,0.533678466802
-0.48,1.38,0.506856199892
-0.48,1.44,0.480280016355
-0.48,1.5,0.454055500012
-0.48,1.56,0.428280237652
-0.48,1.62,0.40304338688
-0.48,1.68,0.378425361696
-0.48,1.74,0.354497633303
-0.48,1.8,0.331322642036
-0.48,1.86,0.30895381477
-0.48,1.92,0.287435680951
-0.48,1.98,0.266804079235
-0.48,2.04,0.247086445916
-0.48,2.1,0.228302175618
-0.48,2.16,0.210463044308
-0.48,2.22,0.193573684443
-0.48,2.28,0.177632102025
-0.48,2.34,0.162630225483
-0.48,2.4,0.148554476604
-0.48,2.46,0.135386354195
-0.48,2.52,0.123103021747
-0.48,2.58,0.111677891032
-0.48,2.64,0.101081194362
-0.48,2.7,0.091280539044
-0.48,2.76,0.082241438432
-0.48,2.82,0.073927814865
-0.48,2.88,0.066302470653
-0.48,2.94,0.059327524135
-0.48,3.0,0.052964808664
-0.42,-2.94,0.060356103824
-0.42,-2.88,0.067451977153
-0.42,-2.82,0.075209524323
-0.42,-2.76,0.083667283761
-0.42,-2.7,0.092863098064
-0.42,-2.64,0.102833670384
-0.42,-2.58,0.113614085271
-0.42,-2.52,0.125237297022
-0.42,-2.46,0.137733589415
-0.42,-2.4,0.151130011646
-0.42,-2.34,0.16544979615
-0.42,-2.28,0.180711764879
-0.42,-2.22,0.196929731456
-0.42,-2.16,0.214111907392
-0.42,-2.1,0.232260321256
-0.42,-2.04,0.251370260275
-0.42,-1.98,0.271429744319
-0.42,-1.92,0.292419042514
-0.42,-1.86,0.314310242894
-0.42,-1.8,0.337066885456
-0.42,-1.74,0.360643668736
-0.42,-1.68,0.384986239578
-0.42,-1.62,0.410031075102
-0.42,-1.56,0.435705464984
-0.42,-1.5,0.461927601063
-0.42,-1.44,0.48860677998
-0.42,-1.38,0.515643723056
-0.42,-1.32,0.542931015928
-0.42,-1.26,0.570353668663
-0.42,-1.2,0.597789795106
-0.42,-1.14,0.625111408202
-0.42,-1.08,0.652185325965
-0.42,-1.02,0.678874180679
-0.42,-0.96,0.705037521902
-0.42,-0.9,0.730533001857
-0.42,-0.84,0.75521763
-0.42,-0.78,0.778949081889
-0.42,-0.72,0.801587046033
-0.42,-0.66,0.822994591229
-0.42,-0.6,0.843039535967
-0.42,-0.54,0.861595800922
-0.42,-0.48,0.878544725271
-0.42,-0.42,0.893776327696
-0.42,-0.36,0.907190493353
-0.42,-0.3,0.918698068918
-0.42,-0.24,0.928221848979
-0.42,-0.18,0.935697438492
-0.42,-0.12,0.941073977847
-0.42,-0.06,0.944314719108
-0.42,0.0,0.945397444304
-0.42,0.06,0.944314719108
-0.42,0.12,0.941073977847
-0.42,0.18,0.935697438492
-0.42,0.24,0.928221848979
-0.42,0.3,0.918698068918
-0.42,0.36,0.907190493353
-0.42,0.42,0.893776327696
-0.42,0.48,0.878544725271
-0.42,0.54,0.861595800922
-0.42,0.6,0.843039535967
-0.42,0.66,0.822994591229
-0.42,0.72,0.801587046033
-0.42,0.78,0.778949081889
-0.42,0.84,0.75521763
-0.42,0.9,0.730533001857
-0.42,0.96,0.705037521902
-0.42,1.02,0.678874180679
-0.42,1.08,0.652185325965
-0.42,1.14,0.625111408202
-0.42,1.2,0.597789795106
-0.42,1.26,0.570353668663
-0.42,1.32,0.542931015928
-0.42,1.38,0.515643723056
-0.42,1.44,0.48860677998
-0.42,1.5,0.461927601063
-0.42,1.56,0.435705464984
-0.42,1.62,0.410031075102
-0.42,1.68,0.384986239578
-0.42,1.74,0.360643668736
-0.42,1.8,0.337066885456
-0.42,1.86,0.314310242894
-0.42,1.92,0.292419042514
-0.42,1.98,0.271429744319
-0.42,2.04,0.251370260275
-0.42,2.1,0.232260321256
-0.42,2.16,0.214111907392
-0.42,2.22,0.196929731456
-0.42,2.28,0.180711764879
-0.42,2.34,0.16544979615
-0.42,2.4,0.151130011646
-0.42,2.46,0.137733589415
-0.42,2.52,0.125237297022
-0.42,2.58,0.113614085271
-0.42,2.64,0.102833670384
-0.42,2.7,0.092863098064
-0.42,2.76,0.083667283761
-0.42,2.82,0.075209524323
-0.42,2.88,0.067451977153
-0.42,2.94,0.060356103824
-0.42,3.0,0.053883075982
-0.36,-2.94,0.061261953252
-0.36,-2.88,0.06846432439
-0.36,-2.82,0.076338300044
-0.36,-2.76,0.084922997041
-0.36,-2.7,0.094256825938
-0.36,-2.64,0.104377040741
-0.36,-2.58,0.115319252564
-0.36,-2.52,0.127116910295
-0.36,-2.46,0.139800752224
-0.36,-2.4,0.153398233514
-0.36,-2.34,0.16793293528
-0.36,-2.28,0.183423961963
-0.36,-2.22,0.199885334506
-0.36,-2.16,0.217325387662
-0.36,-2.1,0.235746180444
-0.36,-2.04,0.255142929351
-0.36,-1.98,0.275503474447
-0.36,-1.92,0.296807788731
-0.36,-1.86,0.319027541322
-0.36,-1.8,0.34212572501
-0.36,-1.74,0.366056358428
-0.36,-1.68,0.390764272665
-0.36,-1.62,0.416184991463
-0.36,-1.56,0.442244713232
-0.36,-1.5,0.468860402
-0.36,-1.44,0.495939993095
-0.36,-1.38,0.523382717821
-0.36,-1.32,0.551079549696
-0.36,-1.26,0.578913772972
-0.36,-1.2,0.606761672175
-0.36,-1.14,0.634493339367
-0.36,-1.08,0.661973593711
-0.36,-1.02,0.689063005822
-0.36,-0.96,0.715619017316
-0.36,-0.9,0.741497144004
-0.36,-0.84,0.766552249279
-0.36,-0.78,0.790639872636
-0.36,-0.72,0.813617596732
-0.36,-0.66,0.835346435241
-0.36,-0.6,0.85569222282
-0.36,-0.54,0.874526987891
-0.36,-0.48,0.891730288723
-0.36,-0.42,0.907190493353
-0.36,-0.36,0.920805984368
-0.36,-0.3,0.932486270398
-0.36,-0.24,0.942152987299
-0.36,-0.18,0.949740773558
-0.36,-0.12,0.955198006245
-0.36,-0.06,0.958487385894
-0.36,0.0,0.959586361079
-0.36,0.06,0.958487385894
-0.36,0.12,0.955198006245
-0.36,0.18,0.949740773558
-0.36,0.24,0.942152987299
-0.36,0.3,0.932486270398
-0.36,0.36,0.920805984368
-0.36,0.42,0.907190493353
-0.36,0.48,0.891730288723
-0.36,0.54,0.874526987891
-0.36,0.6,0.85569222282
-0.36,0.66,0.835346435241
-0.36,0.72,0.813617596732
-0.36,0.78,0.790639872636
-0.36,0.84,0.766552249279
-0.36,0.9,0.741497144004
-0.36,0.96,0.715619017316
-0.36,1.02,0.689063005822
-0.36,1.08,0.661973593711
-0.36,1.14,0.634493339367
-0.36,1.2,0.606761672175
-0.36,1.26,0.578913772972
-0.36,1.32,0.551079549696
-0.36,1.38,0.523382717821
-0.36,1.44,0.495939993095
-0.36,1.5,0.468860402
-0.36,1.56,0.442244713232
-0.36,1.62,0.416184991463
-0.36,1.68,0.390764272665
-0.36,1.74,0.366056358428
-0.36,1.8,0.34212572501
-0.36,1.86,0.319027541322
-0.36,1.92,0.296807788731
-0.36,1.98,0.275503474447
-0.36,2.04,0.255142929351
-0.36,2.1,0.235746180444
-0.36,2.16,0.217325387662
-0.36,2.22,0.199885334506
-0.36,2.28,0.183423961963
-0.36,2.34,0.16793293528
-0.36,2.4,0.153398233514
-0.36,2.46,0.139800752224
-0.36,2.52,0.127116910295
-0.36,2.58,0.115319252564
-0.36,2.64,0.104377040741
-0.36,2.7,0.094256825938
-0.36,2.76,0.084922997041
-0.36,2.82,0.076338300044
-0.36,2.88,0.06846432439
-0.36,2.94,0.061261953252
-0.36,3.0,0.054691775524
-0.3,-2.94,0.062039051955
-0.3,-2.88,0.069332784093
-0.3,-2.82,0.077306639949
-0.3,-2.76,0.086000232542
-0.3,-2.7,0.095452459661
-0.3,-2.64,0.105701047873
-0.3,-2.58,0.116782060015
-0.3,-2.52,0.128729369267
-0.3,-2.46,0.141574103833
-0.3,-2.4,0.155344067136
-0.3,-2.34,0.170063139418
-0.3,-2.28,0.185750667455
-0.3,-2.22,0.202420850044
-0.3,-2.16,0.220082127662
-0.3,-2.1,0.238736585443
-0.3,-2.04,0.258379379204
-0.3,-1.98,0.278998194767
-0.3,-1.92,0.300572751087
-0.3,-1.86,0.323074357913
-0.3,-1.8,0.346465538602
-0.3,-1.74,0.370699728521
-0.3,-1.68,0.39572105895
-0.3,-1.62,0.42146423576
-0.3,-1.56,0.447854521197
-0.3,-1.5,0.474807825992
-0.3,-1.44,0.502230917645
-0.3,-1.38,0.530021749225
-0.3,-1.32,0.558069911265
-0.3,-1.26,0.586257207495
-0.3,-1.2,0.61445835313
-0.3,-1.14,0.642541792368
-0.3,-1.08,0.670370629624
-0.3,-1.02,0.69780366687
-0.3,-0.96,0.724696537394
-0.3,-0.9,0.750902924244
-0.3,-0.84,0.776275849778
-0.3,-0.78,0.80066902103
-0.3,-0.72,0.823938214115
-0.3,-0.66,0.845942679687
-0.3,-0.6,0.866546550535
-0.3,-0.54,0.885620231781
-0.3,-0.48,0.903041753908
-0.3,-0.42,0.918698068918
-0.3,-0.36,0.932486270398
-0.3,-0.3,0.944314719108
-0.3,-0.24,0.954104056864
-0.3,-0.18,0.961788093057
-0.3,-0.12,0.967314549923
-0.3,-0.06,0.97064565486
-0.3,0.0,0.97175857038
-0.3,0.06,0.97064565486
-0.3,0.12,0.967314549923
-0.3,0.18,0.961788093057
-0.3,0.24,0.954104056864
-0.3,0.3,0.944314719108
-0.3,0.36,0.932486270398
-0.3,0.42,0.918698068918
-0.3,0.48,0.903041753908
-0.3,0.54,0.885620231781
-0.3,0.6,0.866546550535
-0.3,0.66,0.845942679687
-0.3,0.72,0.823938214115
-0.3,0.78,0.80066902103
-0.3,0.84,0.776275849778
-0.3,0.9,0.750902924244
-0.3,0.96,0.724696537394
-0.3,1.02,0.69780366687
-0.3,1.08,0.670370629624
-0.3,1.14,0.642541792368
-0.3,1.2,0.61445835313
-0.3,1.26,0.586257207495
-0.3,1.32,0.558069911265
-0.3,1.38,0.530021749225
-0.3,1.44,0.502230917645
-0.3,1.5,0.474807825992
-0.3,1.56,0.447854521197
-0.3,1.62,0.42146423576
-0.3,1.68,0.39572105895
-0.3,1.74,0.370699728521
-0.3,1.8,0.346465538602
-0.3,1.86,0.323074357913
-0.3,1.92,0.300572751087
-0.3,1.98,0.278998194767
-0.3,2.04,0.258379379204
-0.3,2.1,0.238736585443
-0.3,2.16,0.220082127662
-0.3,2.22,0.202420850044
-0.3,2.28,0.185750667455
-0.3,2.34,0.170063139418
-0.3,2.4,0.155344067136
-0.3,2.46,0.141574103833
-0.3,2.52,0.128729369267
-0.3,2.58,0.116782060015
-0.3,2.64,0.105701047873
-0.3,2.7,0.095452459661
-0.3,2.76,0.086000232542
-0.3,2.82,0.077306639949
-0.3,2.88,0.069332784093
-0.3,2.94,0.062039051955
-0.3,3.0,0.055385532507
-0.24,-2.94,0.062682186306
-0.24,-2.88,0.070051529684
-0.24,-2.82,0.078108047355
-0.24,-2.76,0.086891762989
-0.24,-2.7,0.096441977614
-0.24,-2.64,0.106796808892
-0.24,-2.58,0.11799269351
-0.24,-2.52,0.1300638558
-0.24,-2.46,0.143041746655
-0.24,-2.4,0.156954457731
-0.24,-2.34,0.171826116822
-0.24,-2.28,0.187676271266
-0.24,-2.22,0.204519267054
-0.24,-2.16,0.222363632163
-0.24,-2.1,0.24121147334
-0.24,-2.04,0.261057896187
-0.24,-1.98,0.281890458868
-0.24,-1.92,0.303688670093
-0.24,-1.86,0.32642354219
-0.24,-1.8,0.350057210012
-0.24,-1.74,0.374542626207
-0.24,-1.68,0.399823342887
-0.24,-1.62,0.425833389044
-0.24,-1.56,0.452497252148
-0.24,-1.5,0.479729971209
-0.24,-1.44,0.507437347223
-0.24,-1.38,0.535516275378
-0.24,-1.32,0.563855201638
-0.24,-1.26,0.592334704436
-0.24,-1.2,0.62082820021
-0.24,-1.14,0.649202769372
-0.24,-1.08,0.677320097193
-0.24,-1.02,0.705037521902
-0.24,-0.96,0.732209180194
-0.24,-0.9,0.758687238307
-0.24,-0.84,0.784323194939
-0.24,-0.78,0.808969240564
-0.24,-0.72,0.832479656184
-0.24,-0.66,0.854712233361
-0.24,-0.6,0.875529696401
-0.24,-0.54,0.894801106967
-0.24,-0.48,0.912403231134
-0.24,-0.42,0.928221848979
-0.24,-0.36,0.942152987299
-0.24,-0.3,0.954104056864
-0.24,-0.24,0.963994876819
-0.24,-0.18,0.97175857038
-0.24,-0.12,0.977342317842
-0.24,-0.06,0.980707955029
-0.24,0.0,0.981832407705
-0.24,0.06,0.980707955029
-0.24,0.12,0.977342317842
-0.24,0.18,0.97175857038
-0.24,0.24,0.963994876819
-0.24,0.3,0.954104056864
-0.24,0.36,0.942152987299
-0.24,0.42,0.928221848979
-0.24,0.48,0.912403231134
-0.24,0.54,0.894801106967
-0.24,0.6,0.875529696401
-0.24,0.66,0.854712233361
-0.24,0.72,0.832479656184
-0.24,0.78,0.808969240564
-0.24,0.84,0.784323194939
-0.24,0.9,0.758687238307
-0.24,0.96,0.732209180194
-0.24,1.02,0.705037521902
-0.24,1.08,0.677320097193
-0.24,1.14,0.649202769372
-0.24,1.2,0.62082820021
-0.24,1.26,0.592334704436
-0.24,1.32,0.563855201638
-0.24,1.38,0.535516275378
-0.24,1.44,0.507437347223
-0.24,1.5,0.479729971209
-0.24,1.56,0.452497252148
-0.24,1.62,0.425833389044
-0.24,1.68,0.399823342887
-0.24,1.74,0.374542626207
-0.24,1.8,0.350057210012
-0.24,1.86,0.32642354219
-0.24,1.92,0.303688670093
-0.24,1.98,0.281890458868
-0.24,2.04,0.261057896187
-0.24,2.1,0.24121147334
-0.24,2.16,0.222363632163
-0.24,2.22,0.204519267054
-0.24,2.28,0.187676271266
-0.24,2.34,0.171826116822
-0.24,2.4,0.156954457731
-0.24,2.46,0.143041746655
-0.24,2.52,0.1300638558
-0.24,2.58,0.11799269351
-0.24,2.64,0.106796808892
-0.24,2.7,0.096441977614
-0.24,2.76,0.086891762989
-0.24,2.82,0.078108047355
-0.24,2.88,0.070051529684
-0.24,2.94,0.062682186306
-0.24,3.0,0.05595969245
-0.18,-2.94,0.06318700775
-0.18,-2.88,0.070615701365
-0.18,-2.82,0.078737103545
-0.18,-2.76,0.087591560298
-0.18,-2.7,0.097218689169
-0.18,-2.64,0.107656914809
-0.18,-2.58,0.118942967352
-0.18,-2.52,0.131111346761
-0.18,-2.46,0.144193757225
-0.18,-2.4,0.15821851664
-0.18,-2.34,0.173209947119
-0.18,-2.28,0.189187753426
-0.18,-2.22,0.206166397091
-0.18,-2.16,0.224154474771
-0.18,-2.1,0.243154110181
-0.18,-2.04,0.263160369506
-0.18,-1.98,0.284160710705
-0.18,-1.92,0.306134477461
-0.18,-1.86,0.329052448643
-0.18,-1.8,0.352876454152
-0.18,-1.74,0.377559067731
-0.18,-1.68,0.40304338688
-0.18,-1.62,0.429262909283
-0.18,-1.56,0.456141514257
-0.18,-1.5,0.483593556564
-0.18,-1.44,0.511524078553
-0.18,-1.38,0.539829145041
-0.18,-1.32,0.568396303571
-0.18,-1.26,0.597105170796
-0.18,-1.2,0.625828143691
-0.18,-1.14,0.654431232179
-0.18,-1.08,0.682775007591
-0.18,-1.02,0.710715659204
-0.18,-0.96,0.738106148979
-0.18,-0.9,0.76479745255
-0.18,-0.84,0.790639872636
-0.18,-0.78,0.815484409301
-0.18,-0.72,0.839184169976
-0.18,-0.66,0.861595800922
-0.18,-0.6,0.882580920873
-0.18,-0.54,0.902007536959
-0.18,-0.48,0.91975142277
-0.18,-0.42,0.935697438492
-0.18,-0.36,0.949740773558
-0.18,-0.3,0.961788093057
-0.18,-0.24,0.97175857038
-0.18,-0.18,0.979584790143
-0.18,-0.12,0.985213507246
-0.18,-0.06,0.988606250153
-0.18,0.0,0.989739758797
-0.18,0.06,0.988606250153
-0.18,0.12,0.985213507246
-0.18,0.18,0.979584790143
-0.18,0.24,0.97175857038
-0.18,0.3,0.961788093057
-0.18,0.36,0.949740773558
-0.18,0.42,0.935697438492
-0.18,0.48,0.91975142277
-0.18,0.54,0.902007536959
-0.18,0.6,0.882580920873
-0.18,0.66,0.861595800922
-0.18,0.72,0.839184169976
-0.18,0.78,0.815484409301
-0.18,0.84,0.790639872636
-0.18,0.9,0.76479745255
-0.18,0.96,0.738106148979
-0.18,1.02,0.710715659204
-0.18,1.08,0.682775007591
-0.18,1.14,0.654431232179
-0.18,1.2,0.625828143691
-0.18,1.26,0.597105170796
-0.18,1.32,0.568396303571
-0.18,1.38,0.539829145041
-0.18,1.44,0.511524078553
-0.18,1.5,0.483593556564
-0.18,1.56,0.456141514257
-0.18,1.62,0.429262909283
-0.18,1.68,0.40304338688
-0.18,1.74,0.377559067731
-0.18,1.8,0.352876454152
-0.18,1.86,0.329052448643
-0.18,1.92,0.306134477461
-0.18,1.98,0.284160710705
-0.18,2.04,0.263160369506
-0.18,2.1,0.243154110181
-0.18,2.16,0.224154474771
-0.18,2.22,0.206166397091
-0.18,2.28,0.189187753426
-0.18,2.34,0.173209947119
-0.18,2.4,0.15821851664
-0.18,2.46,0.144193757225
-0.18,2.52,0.131111346761
-0.18,2.58,0.118942967352
-0.18,2.64,0.107656914809
-0.18,2.7,0.097218689169
-0.18,2.76,0.087591560298
-0.18,2.82,0.078737103545
-0.18,2.88,0.070615701365
-0.18,2.94,0.06318700775
-0.18,3.0,0.056410373168
-0.12,-2.94,0.063550081774
-0.12,-2.88,0.071021460836
-0.12,-2.82,0.079189528782
-0.12,-2.76,0.088094863452
-0.12,-2.7,0.09777731003
-0.12,-2.64,0.108275513958
-0.12,-2.58,0.119626416423
-0.12,-2.52,0.131864715624
-0.12,-2.46,0.145022297925
-0.12,-2.4,0.159127643936
-0.12,-2.34,0.174205215524
-0.12,-2.28,0.19027483068
-0.12,-2.22,0.207351034028
-0.12,-2.16,0.225442471623
-0.12,-2.1,0.244551279383
-0.12,-2.04,0.264672495141
-0.12,-1.98,0.285793504792
-0.12,-1.92,0.307893533325
-0.12,-1.86,0.330943191705
-0.12,-1.8,0.354904090506
-0.12,-1.74,0.37972853096
-0.12,-1.68,0.405359283603
-0.12,-1.62,0.431729463995
-0.12,-1.56,0.458762514061
-0.12,-1.5,0.486372296445
-0.12,-1.44,0.514463307866
-0.12,-1.38,0.542931015928
-0.12,-1.32,0.571662322018
-0.12,-1.26,0.600536151065
-0.12,-1.2,0.629424166835
-0.12,-1.14,0.658191609338
-0.12,-1.08,0.686698248745
-0.12,-1.02,0.714799447996
-0.12,-0.96,0.742347324166
-0.12,-0.9,0.769191996591
-0.12,-0.84,0.795182907827
-0.12,-0.78,0.82017020178
-0.12,-0.72,0.844006141834
-0.12,-0.66,0.866546550535
-0.12,-0.6,0.887652251476
-0.12,-0.54,0.907190493353
-0.12,-0.48,0.925036335946
-0.12,-0.42,0.941073977847
-0.12,-0.36,0.955198006245
-0.12,-0.3,0.967314549923
-0.12,-0.24,0.977342317842
-0.12,-0.18,0.985213507246
-0.12,-0.12,0.99087456709
-0.12,-0.06,0.994286804777
-0.12,0.0,0.995426826587
-0.12,0.06,0.994286804777
-0.12,0.12,0.99087456709
-0.12,0.18,0.985213507246
-0.12,0.24,0.977342317842
-0.12,0.3,0.967314549923
-0.12,0.36,0.955198006245
-0.12,0.42,0.941073977847
-0.12,0.48,0.925036335946
-0.12,0.54,0.907190493353
-0.12,0.6,0.887652251476
-0.12,0.66,0.866546550535
-0.12,0.72,0.844006141834
-0.12,0.78,0.82017020178
-0.12,0.84,0.795182907827
-0.12,0.9,0.769191996591
-0.12,0.96,0.742347324166
-0.12,1.02,0.714799447996
-0.12,1.08,0.686698248745
-0.12,1.14,0.658191609338
-0.12,1.2,0.629424166835
-0.12,1.26,0.600536151065
-0.12,1.32,0.571662322018
-0.12,1.38,0.542931015928
-0.12,1.44,0.514463307866
-0.12,1.5,0.486372296445
-0.12,1.56,0.458762514061
-0.12,1.62,0.431729463995
-0.12,1.68,0.405359283603
-0.12,1.74,0.37972853096
-0.12,1.8,0.354904090506
-0.12,1.86,0.330943191705
-0.12,1.92,0.307893533325
-0.12,1.98,0.285793504792
-0.12,2.04,0.264672495141
-0.12,2.1,0.244551279383
-0.12,2.16,0.225442471623
-0.12,2.22,0.207351034028
-0.12,2.28,0.19027483068
-0.12,2.34,0.174205215524
-0.12,2.4,0.159127643936
-0.12,2.46,0.145022297925
-0.12,2.52,0.131864715624
-0.12,2.58,0.119626416423
-0.12,2.64,0.108275513958
-0.12,2.7,0.09777731003
-0.12,2.76,0.088094863452
-0.12,2.82,0.079189528782
-0.12,2.88,0.071021460836
-0.12,2.94,0.063550081774
-0.12,3.0,0.056734508491
-0.06,-2.94,0.063768926814
-0.06,-2.88,0.071266034784
-0.06,-2.82,0.079462230801
-0.06,-2.76,0.088398232438
-0.06,-2.7,0.098114022096
-0.06,-2.64,0.108648378296
-0.06,-2.58,0.120038369439
-0.06,-2.52,0.132318813213
-0.06,-2.46,0.145521705788
-0.06,-2.4,0.159675625851
-0.06,-2.34,0.174805119509
-0.06,-2.28,0.190930072998
-0.06,-2.22,0.208065081029
-0.06,-2.16,0.226218819431
-0.06,-2.1,0.245393431477
-0.06,-2.04,0.265583937913
-0.06,-1.98,0.286777681195
-0.06,-1.92,0.30895381477
-0.06,-1.86,0.332082848397
-0.06,-1.8,0.356126260449
-0.06,-1.74,0.3810361879
-0.06,-1.68,0.406755204207
-0.06,-1.62,0.433216194603
-0.06,-1.56,0.460342337373
-0.06,-1.5,0.488047198531
-0.06,-1.44,0.516234945918
-0.06,-1.38,0.544800687161
-0.06,-1.32,0.573630934176
-0.06,-1.26,0.602604194948
-0.06,-1.2,0.631591691297
-0.06,-1.14,0.660458199166
-0.06,-1.08,0.689063005822
-0.06,-1.02,0.717260976121
-0.06,-0.96,0.744903717882
-0.06,-0.9,0.771840834301
-0.06,-0.84,0.797921249466
-0.06,-0.78,0.822994591229
-0.06,-0.72,0.846912614218
-0.06,-0.66,0.869530644481
-0.06,-0.6,0.890709026335
-0.06,-0.54,0.910314551325
-0.06,-0.48,0.928221848979
-0.06,-0.42,0.944314719108
-0.06,-0.36,0.958487385894
-0.06,-0.3,0.97064565486
-0.06,-0.24,0.980707955029
-0.06,-0.18,0.988606250153
-0.06,-0.12,0.994286804777
-0.06,-0.06,0.997710793059
-0.06,0.0,0.99885474072
-0.06,0.06,0.997710793059
-0.06,0.12,0.994286804777
-0.06,0.18,0.988606250153
-0.06,0.24,0.980707955029
-0.06,0.3,0.97064565486
-0.06,0.36,0.958487385894
-0.06,0.42,0.944314719108
-0.06,0.48,0.928221848979
-0.06,0.54,0.910314551325
-0.06,0.6,0.890709026335
-0.06,0.66,0.869530644481
-0.06,0.72,0.846912614218
-0.06,0.78,0.822994591229
-0.06,0.84,0.797921249466
-0.06,0.9,0.771840834301
-0.06,0.96,0.744903717882
-0.06,1.02,0.717260976121
-0.06,1.08,0.689063005822
-0.06,1.14,0.660458199166
-0.06,1.2,0.631591691297
-0.06,1.26,0.602604194948
-0.06,1.32,0.573630934176
-0.06,1.38,0.544800687161
-0.06,1.44,0.516234945918
-0.06,1.5,0.488047198531
-0.06,1.56,0.460342337373
-0.06,1.62,0.433216194603
-0.06,1.68,0.406755204207
-0.06,1.74,0.3810361879
-0.06,1.8,0.356126260449
-0.06,1.86,0.332082848397
-0.06,1.92,0.30895381477
-0.06,1.98,0.286777681195
-0.06,2.04,0.265583937913
-0.06,2.1,0.245393431477
-0.06,2.16,0.226218819431
-0.06,2.22,0.208065081029
-0.06,2.28,0.190930072998
-0.06,2.34,0.174805119509
-0.06,2.4,0.159675625851
-0.06,2.46,0.145521705788
-0.06,2.52,0.132318813213
-0.06,2.58,0.120038369439
-0.06,2.64,0.108648378296
-0.06,2.7,0.098114022096
-0.06,2.76,0.088398232438
-0.06,2.82,0.079462230801
-0.06,2.88,0.071266034784
-0.06,2.94,0.063768926814
-0.06,3.0,0.056929882996
0.0,-2.94,0.063842042506
0.0,-2.88,0.071347746453
0.0,-2.82,0.079553340002
0.0,-2.76,0.088499587412
0.0,-2.7,0.098226516926
0.0,-2.64,0.108772951528
0.0,-2.58,0.12017600212
0.0,-2.52,0.132470526313
0.0,-2.46,0.14568855696
0.0,-2.4,0.159858705517
0.0,-2.34,0.175005546235
0.0,-2.28,0.191148988151
0.0,-2.22,0.208303642709
0.0,-2.16,0.226478195686
0.0,-2.1,0.245674792813
0.0,-2.04,0.265888449127
0.0,-1.98,0.28710649257
0.0,-1.92,0.309308052688
0.0,-1.86,0.332463605426
0.0,-1.8,0.356534584991
0.0,-1.74,0.381473073478
0.0,-1.68,0.407221578499
0.0,-1.62,0.433712908336
0.0,-1.56,0.460870153193
0.0,-1.5,0.48860677998
0.0,-1.44,0.51682684666
0.0,-1.38,0.545425340594
0.0,-1.32,0.574288643574
0.0,-1.26,0.603295124288
0.0,-1.2,0.6323158569
0.0,-1.14,0.66121546231
0.0,-1.08,0.689853066448
0.0,-1.02,0.718083367762
0.0,-0.96,0.745757803927
0.0,-0.9,0.772725805701
0.0,-0.84,0.79883612395
0.0,-0.78,0.823938214115
0.0,-0.72,0.847883660848
0.0,-0.66,0.870527624321
0.0,-0.6,0.891730288723
0.0,-0.54,0.911358292867
0.0,-0.48,0.929286122534
0.0,-0.42,0.945397444304
0.0,-0.36,0.959586361079
0.0,-0.3,0.97175857038
0.0,-0.24,0.981832407705
0.0,-0.18,0.989739758797
0.0,-0.12,0.995426826587
0.0,-0.06,0.99885474072
0.0,0.0,1.0
0.0,0.06,0.99885474072
0.0,0.12,0.995426826587
0.0,0.18,0.989739758797
0.0,0.24,0.981832407705
0.0,0.3,0.97175857038
0.0,0.36,0.959586361079
0.0,0.42,0.945397444304
0.0,0.48,0.929286122534
0.0,0.54,0.911358292867
0.0,0.6,0.891730288723
0.0,0.66,0.870527624321
0.0,0.72,0.847883660848
0.0,0.78,0.823938214115
0.0,0.84,0.79883612395
0.0,0.9,0.772725805701
0.0,0.96,0.745757803927
0.0,1.02,0.718083367762
0.0,1.08,0.689853066448
0.0,1.14,0.66121546231
0.0,1.2,0.6323158569
0.0,1.26,0.603295124288
0.0,1.32,0.574288643574
0.0,1.38,0.545425340594
0.0,1.44,0.51682684666
0.0,1.5,0.48860677998
0.0,1.56,0.460870153193
0.0,1.62,0.433712908336
0.0,1.68,0.407221578499
0.0,1.74,0.381473073478
0.0,1.8,0.356534584991
0.0,1.86,0.332463605426
0.0,1.92,0.309308052688
0.0,1.98,0.28710649257
0.0,2.04,0.265888449127
0.0,2.1,0.245674792813
0.0,2.16,0.226478195686
0.0,2.22,0.208303642709
0.0,2.28,0.191148988151
0.0,2.34,0.175005546235
0.0,2.4,0.159858705517
0.0,2.46,0.14568855696
0.0,2.52,0.132470526313
0.0,2.58,0.12017600212
0.0,2.64,0.108772951528
0.0,2.7,0.098226516926
0.0,2.76,0.088499587412
0.0,2.82,0.079553340002
0.0,2.88,0.071347746453
0.0,2.94,0.063842042506
0.0,3.0,0.056995157229
0.06,-2.94,0.063768926814
0.06,-2.88,0.071266034784
0.06,-2.82,0.079462230801
0.06,-2.76,0.088398232438
0.06,-2.7,0.098114022096
0.06,-2.64,0.108648378296
0.06,-2.58,0.120038369439
0.06,-2.52,0.132318813213
0.06,-2.46,0.145521705788
0.06,-2.4,0.159675625851
0.06,-2.34,0.174805119509
0.06,-2.28,0.190930072998
0.06,-2.22,0.208065081029
0.06,-2.16,0.226218819431
0.06,-2.1,0.245393431477
0.06,-2.04,0.265583937913
0.06,-1.98,0.286777681195
0.06,-1.92,0.30895381477
0.06,-1.86,0.332082848397
0.06,-1.8,0.356126260449
0.06,-1.74,0.3810361879
0.06,-1.68,0.406755204207
0.06,-1.62,0.433216194603
0.06,-1.56,0.460342337373
0.06,-1.5,0.488047198531
0.06,-1.44,0.516234945918
0.06,-1.38,0.544800687161
0.06,-1.32,0.573630934176
0.06,-1.26,0.602604194948
0.06,-1.2,0.631591691297
0.06,-1.14,0.660458199166
0.06,-1.08,0.689063005822
0.06,-1.02,0.717260976121
0.06,-0.96,0.744903717882
0.06,-0.9,0.771840834301
0.06,-0.84,0.797921249466
0.06,-0.78,0.822994591229
0.06,-0.72,0.846912614218
0.06,-0.66,0.869530644481
0.06,-0.6,0.890709026335
0.06,-0.54,0.910314551325
0.06,-0.48,0.928221848979
0.06,-0.42,0.944314719108
0.06,-0.36,0.958487385894
0.06,-0.3,0.97064565486
0.06,-0.24,0.980707955029
0.06,-0.18,0.988606250153
0.06,-0.12,0.994286804777
0.06,-0.06,0.997710793059
0.06,0.0,0.99885474072
0.06,0.06,0.997710793059
0.06,0.12,0.994286804777
0.06,0.18,0.988606250153
0.06,0.24,0.980707955029
0.06,0.3,0.97064565486
0.06,0.36,0.958487385894
0.06,0.42,0.944314719108
0.06,0.48,0.928221848979
0.06,0.54,0.910314551325
0.06,0.6,0.890709026335
0.06,0.66,0.869530644481
0.06,0.72,0.846912614218
0.06,0.78,0.822994591229
0.06,0.84,0.797921249466
0.06,0.9,0.771840834301
0.06,0.96,0.744903717882
0.06,1.02,0.717260976121
0.06,1.08,0.689063005822
0.06,1.14,0.660458199166
0.06,1.2,0.631591691297
0.06,1.26,0.602604194948
0.06,1.32,0.573630934176
0.06,1.38,0.544800687161
0.06,1.44,0.516234945918
0.06,1.5,0.488047198531
0.06,1.56,0.460342337373
0.06,1.62,0.433216194603
0.06,1.68,0.406755204207
0.06,1.74,0.3810361879
0.06,1.8,0.356126260449
0.06,1.86,0.332082848397
0.06,1.92,0.30895381477
0.06,1.98,0.286777681195
0.06,2.04,0.265583937913
0.06,2.1,0.245393431477
0.06,2.16,0.226218819431
0.06,2.22,0.208065081029
0.06,2.28,0.190930072998
0.06,2.34,0.174805119509
0.06,2.4,0.159675625851
0.06,2.46,0.145521705788
0.06,2.52,0.132318813213
0.06,2.58,0.120038369439
0.06,2.64,0.108648378296
0.06,2.7,0.098114022096
0.06,2.76,0.088398232438
0.06,2.82,0.079462230801
0.06,2.88,0.071266034784
0.06,2.94,0.063768926814
0.06,3.0,0.056929882996
0.12,-2.94,0.063550081774
0.12,-2.88,0.071021460836
0.12,-2.82,0.079189528782
0.12,-2.76,0.088094863452
0.12,-2.7,0.09777731003
0.12,-2.64,0.108275513958
0.12,-2.58,0.119626416423
0.12,-2.52,0.131864715624
0.12,-2.46,0.145022297925
0.12,-2.4,0.159127643936
0.12,-2.34,0.174205215524
0.12,-2.28,0.19027483068
0.12,-2.22,0.207351034028
0.12,-2.16,0.225442471623
0.12,-2.1,0.244551279383
0.12,-2.04,0.264672495141
0.12,-1.98,0.285793504792
0.12,-1.92,0.307893533325
0.12,-1.86,0.330943191705
0.12,-1.8,0.354904090506
0.12,-1.74,0.37972853096
0.12,-1.68,0.405359283603
0.12,-1.62,0.431729463995
0.12,-1.56,0.458762514061
0.12,-1.5,0.486372296445
0.12,-1.44,0.514463307866
0.12,-1.38,0.542931015928
0.12,-1.32,0.571662322018
0.12,-1.26,0.600536151065
0.12,-1.2,0.629424166835
0.12,-1.14,0.658191609338
0.12,-1.08,0.686698248745
0.12,-1.02,0.714799447996
0.12,-0.96,0.742347324166
0.12,-0.9,0.769191996591
0.12,-0.84,0.795182907827
0.12,-0.78,0.82017020178
0.12,-0.72,0.844006141834
0.12,-0.66,0.866546550535
0.12,-0.6,0.887652251476
0.12,-0.54,0.907190493353
0.12,-0.48,0.925036335946
0.12,-0.42,0.941073977847
0.12,-0.36,0.955198006245
0.12,-0.3,0.967314549923
0.12,-0.24,0.977342317842
0.12,-0.18,0.985213507246
0.12,-0.12,0.99087456709
0.12,-0.06,0.994286804777
0.12,0.0,0.995426826587
0.12,0.06,0.994286804777
0.12,0.12,0.99087456709
0.12,0.18,0.985213507246
0.12,0.24,0.977342317842
0.12,0.3,0.967314549923
0.12,0.36,0.955198006245
0.12,0.42,0.941073977847
0.12,0.48,0.925036335946
0.12,0.54,0.907190493353
0.12,0.6,0.887652251476
0.12,0.66,0.866546550535
0.12,0.72,0.844006141834
0.12,0.78,0.82017020178
0.12,0.84,0.795182907827
0.12,0.9,0.769191996591
0.12,0.96,0.742347324166
0.12,1.02,0.714799447996
0.12,1.08,0.686698248745
0.12,1.14,0.658191609338
0.12,1.2,0.629424166835
0.12,1.26,0.600536151065
0.12,1.32,0.571662322018
0.12,1.38,0.542931015928
0.12,1.44,0.514463307866
0.12,1.5,0.486372296445
0.12,1.56,0.458762514061
0.12,1.62,0.431729463995
0.12,1.68,0.405359283603
0.12,1.74,0.37972853096
0.12,1.8,0.354904090506
0.12,1.86,0.330943191705
0.12,1.92,0.307893533325
0.12,1.98,0.285793504792
0.12,2.04,0.264672495141
0.12,2.1,0.244551279383
0.12,2.16,0.225442471623
0.12,2.22,0.207351034028
0.12,2.28,0.19027483068
0.12,2.34,0.174205215524
0.12,2.4,0.159127643936
0.12,2.46,0.145022297925
0.12,2.52,0.131864715624
0.12,2.58,0.119626416423
0.12,2.64,0.108275513958
0.12,2.7,0.09777731003
0.12,2.76,0.088094863452
0.12,2.82,0.079189528782
0.12,2.88,0.071021460836
0.12,2.94,0.063550081774
0.12,3.0,0.056734508491
0.18,-2.94,0.06318700775
0.18,-2.88,0.070615701365
0.18,-2.82,0.078737103545
0.18,-2.76,0.087591560298
0.18,-2.7,0.097218689169
0.18,-2.64,0.107656914809
0.18,-2.58,0.118942967352
0.18,-2.52,0.131111346761
0.18,-2.46,0.144193757225
0.18,-2.4,0.15821851664
0.18,-2.34,0.173209947119
0.18,-2.28,0.189187753426
0.18,-2.22,0.206166397091
0.18,-2.16,0.224154474771
0.18,-2.1,0.243154110181
0.18,-2.04,0.263160369506
0.18,-1.98,0.284160710705
0.18,-1.92,0.306134477461
0.18,-1.86,0.329052448643
0.18,-1.8,0.352876454152
0.18,-1.74,0.377559067731
0.18,-1.68,0.40304338688
0.18,-1.62,0.429262909283
0.18,-1.56,0.456141514257
0.18,-1.5,0.483593556564
0.18,-1.44,0.511524078553
0.18,-1.38,0.539829145041
0.18,-1.32,0.568396303571
0.18,-1.26,0.597105170796
0.18,-1.2,0.625828143691
0.18,-1.14,0.654431232179
0.18,-1.08,0.682775007591
0.18,-1.02,0.710715659204
0.18,-0.96,0.738106148979
0.18,-0.9,0.76479745255
0.18,-0.84,0.790639872636
0.18,-0.78,0.815484409301
0.18,-0.72,0.839184169976
0.18,-0.66,0.861595800922
0.18,-0.6,0.882580920873
0.18,-0.54,0.902007536959
0.18,-0.48,0.91975142277
0.18,-0.42,0.935697438492
0.18,-0.36,0.949740773558
0.18,-0.3,0.961788093057
0.18,-0.24,0.97175857038
0.18,-0.18,0.979584790143
0.18,-0.12,0.985213507246
0.18,-0.06,0.988606250153
0.18,0.0,0.989739758797
0.18,0.06,0.988606250153
0.18,0.12,0.985213507246
0.18,0.18,0.979584790143
0.18,0.24,0.97175857038
0.18,0.3,0.961788093057
0.18,0.36,0.949740773558
0.18,0.42,0.935697438492
0.18,0.48,0.91975142277
0.18,0.54,0.902007536959
0.18,0.6,0.882580920873
0.18,0.66,0.861595800922
0.18,0.72,0.839184169976
0.18,0.78,0.815484409301
0.18,0.84,0.790639872636
0.18,0.9,0.76479745255
0.18,0.96,0.738106148979
0.18,1.02,0.710715659204
0.18,1.08,0.682775007591
0.18,1.14,0.654431232179
0.18,1.2,0.625828143691
0.18,1.26,0.597105170796
0.18,1.32,0.568396303571
0.18,1.38,0.539829145041
0.18,1.44,0.511524078553
0.18,1.5,0.483593556564
0.18,1.56,0.456141514257
0.18,1.62,0.429262909283
0.18,1.68,0.40304338688
0.18,1.74,0.377559067731
0.18,1.8,0.352876454152
0.18,1.86,0.329052448643
0.18,1.92,0.306134477461
0.18,1.98,0.284160710705
0.18,2.04,0.263160369506
0.18,2.1,0.243154110181
0.18,2.16,0.224154474771
0.18,2.22,0.206166397091
0.18,2.28,0.189187753426
0.18,2.34,0.173209947119
0.18,2.4,0.15821851664
0.18,2.46,0.144193757225
0.18,2.52,0.131111346761
0.18,2.58,0.118942967352
0.18,2.64,0.107656914809
0.18,2.7,0.097218689169
0.18,2.76,0.087591560298
0.18,2.82,0.078737103545
0.18,2.88,0.070615701365
0.18,2.94,0.06318700775
0.18,3.0,0.056410373168
0.24,-2.94,0.062682186306
0.24,-2.88,0.070051529684
0.24,-2.82,0.078108047355
0.24,-2.76,0.086891762989
0.24,-2.7,0.096441977614
0.24,-2.64,0.106796808892
0.24,-2.58,0.11799269351
0.24,-2.52,0.1300638558
0.24,-2.46,0.143041746655
0.24,-2.4,0.156954457731
0.24,-2.34,0.171826116822
0.24,-2.28,0.187676271266
0.24,-2.22,0.204519267054
0.24,-2.16,0.222363632163
0.24,-2.1,0.24121147334
0.24,-2.04,0.261057896187
0.24,-1.98,0.281890458868
0.24,-1.92,0.303688670093
0.24,-1.86,0.32642354219
0.24,-1.8,0.350057210012
0.24,-1.74,0.374542626207
0.24,-1.68,0.399823342887
0.24,-1.62,0.425833389044
0.24,-1.56,0.452497252148
0.24,-1.5,0.479729971209
0.24,-1.44,0.507437347223
0.24,-1.38,0.535516275378
0.24,-1.32,0.563855201638
0.24,-1.26,0.592334704436
0.24,-1.2,0.62082820021
0.24,-1.14,0.649202769372
0.24,-1.08,0.677320097193
0.24,-1.02,0.705037521902
0.24,-0.96,0.732209180194
0.24,-0.9,0.758687238307
0.24,-0.84,0.784323194939
0.24,-0.78,0.808969240564
0.24,-0.72,0.832479656184
0.24,-0.66,0.854712233361
0.24,-0.6,0.875529696401
0.24,-0.54,0.894801106967
0.24,-0.48,0.912403231134
0.24,-0.42,0.928221848979
0.24,-0.36,0.942152987299
0.24,-0.3,0.954104056864
0.24,-0.24,0.963994876819
0.24,-0.18,0.97175857038
0.24,-0.12,0.977342317842
0.24,-0.06,0.980707955029
0.24,0.0,0.981832407705
0.24,0.06,0.980707955029
0.24,0.12,0.977342317842
0.24,0.18,0.97175857038
0.24,0.24,0.963994876819
0.24,0.3,0.954104056864
0.24,0.36,0.942152987299
0.24,0.42,0.928221848979
0.24,0.48,0.912403231134
0.24,0.54,0.894801106967
0.24,0.6,0.875529696401
0.24,0.66,0.854712233361
0.24,0.72,0.832479656184
0.24,0.78,0.808969240564
0.24,0.84,0.784323194939
0.24,0.9,0.758687238307
0.24,0.96,0.732209180194
0.24,1.02,0.705037521902
0.24,1.08,0.677320097193
0.24,1.14,0.649202769372
0.24,1.2,0.62082820021
0.24,1.26,0.592334704436
0.24,1.32,0.563855201638
0.24,1.38,0.535516275378
0.24,1.44,0.507437347223
0.24,1.5,0.479729971209
0.24,1.56,0.452497252148
0.24,1.62,0.425833389044
0.24,1.68,0.399823342887
0.24,1.74,0.374542626207
0.24,1.8,0.350057210012
0.24,1.86,0.32642354219
0.24,1.92,0.303688670093
0.24,1.98,0.281890458868
0.24,2.04,0.261057896187
0.24,2.1,0.24121147334
0.24,2.16,0.222363632163
0.24,2.22,0.204519267054
0.24,2.28,0.187676271266
0.24,2.34,0.171826116822
0.24,2.4,0.156954457731
0.24,2.46,0.143041746655
0.24,2.52,0.1300638558
0.24,2.58,0.11799269351
0.24,2.64,0.106796808892
0.24,2.7,0.096441977614
0.24,2.76,0.086891762989
0.24,2.82,0.078108047355
0.24,2.88,0.070051529684
0.24,2.94,0.062682186306
0.24,3.0,0.05595969245
0.3,-2.94,0.062039051955
0.3,-2.88,0.069332784093
0.3,-2.82,0.077306639949
0.3,-2.76,0.086000232542
0.3,-2.7,0.095452459661
0.3,-2.64,0.105701047873
0.3,-2.58,0.116782060015
0.3,-2.52,0.128729369267
0.3,-2.46,0.141574103833
0.3,-2.4,0.155344067136
0.3,-2.34,0.170063139418
0.3,-2.28,0.185750667455
0.3,-2.22,0.202420850044
0.3,-2.16,0.220082127662
0.3,-2.1,0.238736585443
0.3,-2.04,0.258379379204
0.3,-1.98,0.278998194767
0.3,-1.92,0.300572751087
0.3,-1.86,0.323074357913
0.3,-1.8,0.346465538602
0.3,-1.74,0.370699728521
0.3,-1.68,0.39572105895
0.3,-1.62,0.42146423576
0.3,-1.56,0.447854521197
0.3,-1.5,0.474807825992
0.3,-1.44,0.502230917645
0.3,-1.38,0.530021749225
0.3,-1.32,0.558069911265
0.3,-1.26,0.586257207495
0.3,-1.2,0.61445835313
0.3,-1.14,0.642541792368
0.3,-1.08,0.670370629624
0.3,-1.02,0.69780366687
0.3,-0.96,0.724696537394
0.3,-0.9,0.750902924244
0.3,-0.84,0.776275849778
0.3,-0.78,0.80066902103
0.3,-0.72,0.823938214115
0.3,-0.66,0.845942679687
0.3,-0.6,0.866546550535
0.3,-0.54,0.885620231781
0.3,-0.48,0.903041753908
0.3,-0.42,0.918698068918
0.3,-0.36,0.932486270398
0.3,-0.3,0.944314719108
0.3,-0.24,0.954104056864
0.3,-0.18,0.961788093057
0.3,-0.12,0.967314549923
0.3,-0.06,0.97064565486
0.3,0.0,0.97175857038
0.3,0.06,0.97064565486
0.3,0.12,0.967314549923
0.3,0.18,0.961788093057
0.3,0.24,0.954104056864
0.3,0.3,0.944314719108
0.3,0.36,0.932486270398
0.3,0.42,0.918698068918
0.3,0.48,0.903041753908
0.3,0.54,0.885620231781
0.3,0.6,0.866546550535
0.3,0.66,0.845942679687
0.3,0.72,0.823938214115
0.3,0.78,0.80066902103
0.3,0.84,0.776275849778
0.3,0.9,0.750902924244
0.3,0.96,0.724696537394
0.3,1.02,0.69780366687
0.3,1.08,0.670370629624
0.3,1.14,0.642541792368
0.3,1.2,0.61445835313
0.3,1.26,0.586257207495
0.3,1.32,0.558069911265
0.3,1.38,0.530021749225
0.3,1.44,0.502230917645
0.3,1.5,0.474807825992
0.3,1.56,0.447854521197
0.3,1.62,0.42146423576
0.3,1.68,0.39572105895
0.3,1.74,0.370699728521
0.3,1.8,0.346465538602
0.3,1.86,0.323074357913
0.3,1.92,0.300572751087
0.3,1.98,0.278998194767
0.3,2.04,0.258379379204
0.3,2.1,0.238736585443
0.3,2.16,0.220082127662
0.3,2.22,0.202420850044
0.3,2.28,0.185750667455
0.3,2.34,0.170063139418
0.3,2.4,0.155344067136
0.3,2.46,0.141574103833
0.3,2.52,0.128729369267
0.3,2.58,0.116782060015
0.3,2.64,0.105701047873
0.3,2.7,0.095452459661
0.3,2.76,0.086000232542
0.3,2.82,0.077306639949
0.3,2.88,0.069332784093
0.3,2.94,0.062039051955
0.3,3.0,0.055385532507
0.36,-2.94,0.061261953252
0.36,-2.88,0.06846432439
0.36,-2.82,0.076338300044
0.36,-2.76,0.084922997041
0.36,-2.7,0.094256825938
0.36,-2.64,0.104377040741
0.36,-2.58,0.115319252564
0.36,-2.52,0.127116910295
0.36,-2.46,0.139800752224
0.36,-2.4,0.153398233514
0.36,-2.34,0.16793293528
0.36,-2.28,0.183423961963
0.36,-2.22,0.199885334506
0.36,-2.16,0.217325387662
0.36,-2.1,0.235746180444
0.36,-2.04,0.255142929351
0.36,-1.98,0.275503474447
0.36,-1.92,0.296807788731
0.36,-1.86,0.319027541322
0.36,-1.8,0.34212572501
0.36,-1.74,0.366056358428
0.36,-1.68,0.390764272665
0.36,-1.62,0.416184991463
0.36,-1.56,0.442244713232
0.36,-1.5,0.468860402
0.36,-1.44,0.495939993095
0.36,-1.38,0.523382717821
0.36,-1.32,0.551079549696
0.36,-1.26,0.578913772972
0.36,-1.2,0.606761672175
0.36,-1.14,0.634493339367
0.36,-1.08,0.661973593711
0.36,-1.02,0.689063005822
0.36,-0.96,0.715619017316
0.36,-0.9,0.741497144004
0.36,-0.84,0.766552249279
0.36,-0.78,0.790639872636
0.36,-0.72,0.813617596732
0.36,-0.66,0.835346435241
0.36,-0.6,0.85569222282
0.36,-0.54,0.874526987891
0.36,-0.48,0.891730288723
0.36,-0.42,0.907190493353
0.36,-0.36,0.920805984368
0.36,-0.3,0.932486270398
0.36,-0.24,0.942152987299
0.36,-0.18,0.949740773558
0.36,-0.12,0.955198006245
0.36,-0.06,0.958487385894
0.36,0.0,0.959586361079
0.36,0.06,0.958487385894
0.36,0.12,0.955198006245
0.36,0.18,0.949740773558
0.36,0.24,0.942152987299
0.36,0.3,0.932486270398
0.36,0.36,0.920805984368
0.36,0.42,0.907190493353
0.36,0.48,0.891730288723
0.36,0.54,0.874526987891
0.36,0.6,0.85569222282
0.36,0.66,0.835346435241
0.36,0.72,0.813617596732
0.36,0.78,0.790639872636
0.36,0.84,0.766552249279
0.36,0.9,0.741497144004
0.36,0.96,0.715619017316
0.36,1.02,0.689063005822
0.36,1.08,0.661973593711
0.36,1.14,0.634493339367
0.36,1.2,0.606761672175
0.36,1.26,0.578913772972
0.36,1.32,0.551079549696
0.36,1.38,0.523382717821
0.36,1.44,0.495939993095
0.36,1.5,0.468860402
0.36,1.56,0.442244713232
0.36,1.62,0.416184991463
0.36,1.68,0.390764272665
0.36,1.74,0.366056358428
0.36,1.8,0.34212572501
0.36,1.86,0.319027541322
0.36,1.92,0.296807788731
0.36,1.98,0.275503474447
0.36,2.04,0.255142929351
0.36,2.1,0.235746180444
0.36,2.16,0.217325387662
0.36,2.22,0.199885334506
0.36,2.28,0.183423961963
0.36,2.34,0.16793293528
0.36,2.4,0.153398233514
0.36,2.46,0.139800752224
0.36,2.52,0.127116910295
0.36,2.58,0.115319252564
0.36,2.64,0.104377040741
0.36,2.7,0.094256825938
0.36,2.76,0.084922997041
0.36,2.82,0.076338300044
0.36,2.88,0.06846432439
0.36,2.94,0.061261953252
0.36,3.0,0.054691775524
0.42,-2.94,0.060356103824
0.42,-2.88,0.067451977153
0.42,-2.82,0.075209524323
0.42,-2.76,0.083667283761
0.42,-2.7,0.092863098064
0.42,-2.64,0.102833670384
0.42,-2.58,0.113614085271
0.42,-2.52,0.125237297022
0.42,-2.46,0.137733589415
0.42,-2.4,0.151130011646
0.42,-2.34,0.16544979615
0.42,-2.28,0.180711764879
0.42,-2.22,0.196929731456
0.42,-2.16,0.214111907392
0.42,-2.1,0.232260321256
0.42,-2.04,0.251370260275
0.42,-1.98,0.271429744319
0.42,-1.92,0.292419042514
0.42,-1.86,0.314310242894
0.42,-1.8,0.337066885456
0.42,-1.74,0.360643668736
0.42,-1.68,0.384986239578
0.42,-1.62,0.410031075102
0.42,-1.56,0.435705464984
0.42,-1.5,0.461927601063
0.42,-1.44,0.48860677998
0.42,-1.38,0.515643723056
0.42,-1.32,0.542931015928
0.42,-1.26,0.570353668663
0.42,-1.2,0.597789795106
0.42,-1.14,0.625111408202
0.42,-1.08,0.652185325965
0.42,-1.02,0.678874180679
0.42,-0.96,0.705037521902
0.42,-0.9,0.730533001857
0.42,-0.84,0.75521763
0.42,-0.78,0.778949081889
0.42,-0.72,0.801587046033
0.42,-0.66,0.822994591229
0.42,-0.6,0.843039535967
0.42,-0.54,0.861595800922
0.42,-0.48,0.878544725271
0.42,-0.42,0.893776327696
0.42,-0.36,0.907190493353
0.42,-0.3,0.918698068918
0.42,-0.24,0.928221848979
0.42,-0.18,0.935697438492
0.42,-0.12,0.941073977847
0.42,-0.06,0.944314719108
0.42,0.0,0.945397444304
0.42,0.06,0.944314719108
0.42,0.12,0.941073977847
0.42,0.18,0.935697438492
0.42,0.24,0.928221848979
0.42,0.3,0.918698068918
0.42,0.36,0.907190493353
0.42,0.42,0.893776327696
0.42,0.48,0.878544725271
0.42,0.54,0.861595800922
0.42,0.6,0.843039535967
0.42,0.66,0.822994591229
0.42,0.72,0.801587046033
0.42,0.78,0.778949081889
0.42,0.84,0.75521763
0.42,0.9,0.730533001857
0.42,0.96,0.705037521902
0.42,1.02,0.678874180679
0.42,1.08,0.652185325965
0.42,1.14,0.625111408202
0.42,1.2,0.597789795106
0.42,1.26,0.570353668663
0.42,1.32,0.542931015928
0.42,1.38,0.515643723056
0.42,1.44,0.48860677998
0.42,1.5,0.461927601063
0.42,1.56,0.435705464984
0.42,1.62,0.410031075102
0.42,1.68,0.384986239578
0.42,1.74,0.360643668736
0.42,1.8,0.337066885456
0.42,1.86,0.314310242894
0.42,1.92,0.292419042514
0.42,1.98,0.271429744319
0.42,2.04,0.251370260275
0.42,2.1,0.232260321256
0.42,2.16,0.214111907392
0.42,2.22,0.196929731456
0.42,2.28,0.180711764879
0.42,2.34,0.16544979615
0.42,2.4,0.151130011646
0.42,2.46,0.137733589415
0.42,2.52,0.125237297022
0.42,2.58,0.113614085271
0.42,2.64,0.102833670384
0.42,2.7,0.092863098064
0.42,2.76,0.083667283761
0.42,2.82,0.075209524323
0.42,2.88,0.067451977153
0.42,2.94,0.060356103824
0.42,3.0,0.053883075982
0.48,-2.94,0.059327524135
0.48,-2.88,0.066302470653
0.48,-2.82,0.073927814865
0.48,-2.76,0.082241438432
0.48,-2.7,0.091280539044
0.48,-2.64,0.101081194362
0.48,-2.58,0.111677891032
0.48,-2.52,0.123103021747
0.48,-2.46,0.135386354195
0.48,-2.4,0.148554476604
0.48,-2.34,0.162630225483
0.48,-2.28,0.177632102025
0.48,-2.22,0.193573684443
0.48,-2.16,0.210463044308
0.48,-2.1,0.228302175618
0.48,-2.04,0.247086445916
0.48,-1.98,0.266804079235
0.48,-1.92,0.287435680951
0.48,-1.86,0.30895381477
0.48,-1.8,0.331322642036
0.48,-1.74,0.354497633303
0.48,-1.68,0.378425361696
0.48,-1.62,0.40304338688
0.48,-1.56,0.428280237652
0.48,-1.5,0.454055500012
0.48,-1.44,0.480280016355
0.48,-1.38,0.506856199892
0.48,-1.32,0.533678466802
0.48,-1.26,0.560633786793
0.48,-1.2,0.587602350875
0.48,-1.14,0.61445835313
0.48,-1.08,0.641070881237
0.48,-1.02,0.667304908483
0.48,-0.96,0.693022377961
0.48,-0.9,0.718083367762
0.48,-0.84,0.742347324166
0.48,-0.78,0.765674348203
0.48,-0.72,0.78792651955
0.48,-0.66,0.808969240564
0.48,-0.6,0.828672582354
0.48,-0.54,0.846912614218
0.48,-0.48,0.863572697535
0.48,-0.42,0.878544725271
0.48,-0.36,0.891730288723
0.48,-0.3,0.903041753908
0.48,-0.24,0.912403231134
0.48,-0.18,0.91975142277
0.48,-0.12,0.925036335946
0.48,-0.06,0.928221848979
0.48,0.0,0.929286122534
0.48,0.06,0.928221848979
0.48,0.12,0.925036335946
0.48,0.18,0.91975142277
0.48,0.24,0.912403231134
0.48,0.3,0.903041753908
0.48,0.36,0.891730288723
0.48,0.42,0.878544725271
0.48,0.48,0.863572697535
0.48,0.54,0.846912614218
0.48,0.6,0.828672582354
0.48,0.66,0.808969240564
0.48,0.72,0.78792651955
0.48,0.78,0.765674348203
0.48,0.84,0.742347324166
0.48,0.9,0.718083367762
0.48,0.96,0.693022377961
0.48,1.02,0.667304908483
0.48,1.08,0.641070881237
0.48,1.14,0.61445835313
0.48,1.2,0.587602350875
0.48,1.26,0.560633786793
0.48,1.32,0.533678466802
0.48,1.38,0.506856199892
0.48,1.44,0.480280016355
0.48,1.5,0.454055500012
0.48,1.56,0.428280237652
0.48,1.62,0.40304338688
0.48,1.68,0.378425361696
0.48,1.74,0.354497633303
0.48,1.8,0.331322642036
0.48,1.86,0.30895381477
0.48,1.92,0.287435680951
0.48,1.98,0.266804079235
0.48,2.04,0.247086445916
0.48,2.1,0.228302175618
0.48,2.16,0.210463044308
0.48,2.22,0.193573684443
0.48,2.28,0.177632102025
0.48,2.34,0.162630225483
0.48,2.4,0.148554476604
0.48,2.46,0.135386354195
0.48,2.52,0.123103021747
0.48,2.58,0.111677891032
0.48,2.64,0.101081194362
0.48,2.7,0.091280539044
0.48,2.76,0.082241438432
0.48,2.82,0.073927814865
0.48,2.88,0.066302470653
0.48,2.94,0.059327524135
0.48,3.0,0.052964808664
0.54,-2.94,0.058182974871
0.54,-2.88,0.065023360407
0.54,-2.82,0.072501596136
0.54,-2.76,0.080654832903
0.54,-2.7,0.08951955078
0.54,-2.64,0.099131131415
0.54,-2.58,0.109523396136
0.54,-2.52,0.120728112716
0.54,-2.46,0.132774474562
0.54,-2.4,0.14568855696
0.54,-2.34,0.159492755859
0.54,-2.28,0.174205215524
0.54,-2.22,0.189839252217
0.54,-2.16,0.206402781792
0.54,-2.1,0.223897759779
0.54,-2.04,0.242319643089
0.54,-1.98,0.26165688294
0.54,-1.92,0.281890458868
0.54,-1.86,0.302993463882
0.54,-1.8,0.324930750726
0.54,-1.74,0.347658649019
0.54,-1.68,0.3711247626
0.54,-1.62,0.395267855735
0.54,-1.56,0.420017836047
0.54,-1.5,0.445295840886
0.54,-1.44,0.47101443268
0.54,-1.38,0.49707790729
0.54,-1.32,0.523382717821
0.54,-1.26,0.549818014566
0.54,-1.2,0.576266299897
0.54,-1.14,0.602604194948
0.54,-1.08,0.628703312967
0.54,-1.02,0.654431232179
0.54,-0.96,0.679652559079
0.54,-0.9,0.704230071138
0.54,-0.84,0.728025926204
0.54,-0.78,0.750902924244
0.54,-0.72,0.772725805701
0.54,-0.66,0.793362569595
0.54,-0.6,0.812685793629
0.54,-0.54,0.830573937978
0.54,-0.48,0.846912614218
0.54,-0.42,0.861595800922
0.54,-0.36,0.874526987891
0.54,-0.3,0.885620231781
0.54,-0.24,0.894801106967
0.54,-0.18,0.902007536959
0.54,-0.12,0.907190493353
0.54,-0.06,0.910314551325
0.54,0.0,0.911358292867
0.54,0.06,0.910314551325
0.54,0.12,0.907190493353
0.54,0.18,0.902007536959
0.54,0.24,0.894801106967
0.54,0.3,0.885620231781
0.54,0.36,0.874526987891
0.54,0.42,0.861595800922
0.54,0.48,0.846912614218
0.54,0.54,0.830573937978
0.54,0.6,0.812685793629
0.54,0.66,0.793362569595
0.54,0.72,0.772725805701
0.54,0.78,0.750902924244
0.54,0.84,0.728025926204
0.54,0.9,0.704230071138
0.54,0.96,0.679652559079
0.54,1.02,0.654431232179
0.54,1.08,0.628703312967
0.54,1.14,0.602604194948
0.54,1.2,0.576266299897
0.54,1.26,0.549818014566
0.54,1.32,0.523382717821
0.54,1.38,0.49707790729
0.54,1.44,0.47101443268
0.54,1.5,0.445295840886
0.54,1.56,0.420017836047
0.54,1.62,0.395267855735
0.54,1.68,0.3711247626
0.54,1.74,0.347658649019
0.54,1.8,0.324930750726
0.54,1.86,0.302993463882
0.54,1.92,0.281890458868
0.54,1.98,0.26165688294
0.54,2.04,0.242319643089
0.54,2.1,0.223897759779
0.54,2.16,0.206402781792
0.54,2.22,0.189839252217
0.54,2.28,0.174205215524
0.54,2.34,0.159492755859
0.54,2.4,0.14568855696
0.54,2.46,0.132774474562
0.54,2.52,0.120728112716
0.54,2.58,0.109523396136
0.54,2.64,0.099131131415
0.54,2.7,0.08951955078
0.54,2.76,0.080654832903
0.54,2.82,0.072501596136
0.54,2.88,0.065023360407
0.54,2.94,0.058182974871
0.54,3.0,0.051943009194
0.6,-2.94,0.056929882996
0.6,-2.88,0.063622946544
0.6,-2.82,0.070940122849
0.6,-2.76,0.078917762635
0.6,-2.7,0.087591560298
0.6,-2.64,0.096996135471
0.6,-2.58,0.107164581069
0.6,-2.52,0.118127980676
0.6,-2.46,0.129914898962
0.6,-2.4,0.142550849626
0.6,-2.34,0.156057746273
0.6,-2.28,0.170453342393
0.6,-2.22,0.185750667455
0.6,-2.16,0.201957466829
0.6,-2.1,0.219075653927
0.6,-2.04,0.237100783508
0.6,-1.98,0.256021555514
0.6,-1.92,0.275819359128
0.6,-1.86,0.296467866857
0.6,-1.8,0.317932688414
0.6,-1.74,0.340171093952
0.6,-1.68,0.363131815769
0.6,-1.62,0.386754936973
0.6,-1.56,0.41097187477
0.6,-1.5,0.435705464984
0.6,-1.44,0.460870153193
0.6,-1.38,0.486372296445
0.6,-1.32,0.512110577945
0.6,-1.26,0.537976535367
0.6,-1.2,0.563855201638
0.6,-1.14,0.589625855114
0.6,-1.08,0.61516287412
0.6,-1.02,0.640336688862
0.6,-0.96,0.665014821814
0.6,-0.9,0.689063005822
0.6,-0.84,0.712346367453
0.6,-0.78,0.734730661563
0.6,-0.72,0.756083541692
0.6,-0.66,0.776275849778
0.6,-0.6,0.795182907827
0.6,-0.54,0.812685793629
0.6,-0.48,0.828672582354
0.6,-0.42,0.843039535967
0.6,-0.36,0.85569222282
0.6,-0.3,0.866546550535
0.6,-0.24,0.875529696401
0.6,-0.18,0.882580920873
0.6,-0.12,0.887652251476
0.6,-0.06,0.890709026335
0.6,0.0,0.891730288723
0.6,0.06,0.890709026335
0.6,0.12,0.887652251476
0.6,0.18,0.882580920873
0.6,0.24,0.875529696401
0.6,0.3,0.866546550535
0.6,0.36,0.85569222282
0.6,0.42,0.843039535967
0.6,0.48,0.828672582354
0.6,0.54,0.812685793629
0.6,0.6,0.795182907827
0.6,0.66,0.776275849778
0.6,0.72,0.756083541692
0.6,0.78,0.734730661563
0.6,0.84,0.712346367453
0.6,0.9,0.689063005822
0.6,0.96,0.665014821814
0.6,1.02,0.640336688862
0.6,1.08,0.61516287412
0.6,1.14,0.589625855114
0.6,1.2,0.563855201638
0.6,1.26,0.537976535367
0.6,1.32,0.512110577945
0.6,1.38,0.486372296445
0.6,1.44,0.460870153193
0.6,1.5,0.435705464984
0.6,1.56,0.41097187477
0.6,1.62,0.386754936973
0.6,1.68,0.363131815769
0.6,1.74,0.340171093952
0.6,1.8,0.317932688414
0.6,1.86,0.296467866857
0.6,1.92,0.275819359128
0.6,1.98,0.256021555514
0.6,2.04,0.237100783508
0.6,2.1,0.219075653927
0.6,2.16,0.201957466829
0.6,2.22,0.185750667455
0.6,2.28,0.170453342393
0.6,2.34,0.156057746273
0.6,2.4,0.142550849626
0.6,2.46,0.129914898962
0.6,2.52,0.118127980676
0.6,2.58,0.107164581069
0.6,2.64,0.096996135471
0.6,2.7,0.087591560298
0.6,2.76,0.078917762635
0.6,2.82,0.070940122849
0.6,2.88,0.063622946544
0.6,2.94,0.056929882996
0.6,3.0,0.050824308012
0.66,-2.94,0.055576261594
0.66,-2.88,0.06211018422
0.66,-2.82,0.069253380078
0.66,-2.76,0.077041335583
0.66,-2.7,0.085508896425
0.66,-2.64,0.094689859084
0.66,-2.58,0.104616529626
0.66,-2.52,0.115319252564
0.66,-2.46,0.126825913381
0.66,-2.4,0.139161419141
0.66,-2.34,0.152347162407
0.66,-2.28,0.166400474546
0.66,-2.22,0.181334075225
0.66,-2.16,0.197155525651
0.66,-2.1,0.213866693743
0.66,-2.04,0.231463239953
0.66,-1.98,0.249934132904
0.66,-1.92,0.26926120429
0.66,-1.86,0.289418752605
0.66,-1.8,0.310373205261
0.66,-1.74,0.332082848397
0.66,-1.68,0.354497633303
0.66,-1.62,0.377559067731
0.66,-1.56,0.401200199579
0.66,-1.5,0.425345699404
0.66,-1.44,0.449912047009
0.66,-1.38,0.474807825992
0.66,-1.32,0.499934128565
0.66,-1.26,0.525185071311
0.66,-1.2,0.550448420728
0.66,-1.14,0.57560632557
0.66,-1.08,0.600536151065
0.66,-1.02,0.625111408202
0.66,-0.96,0.649202769372
0.66,-0.9,0.672679159888
0.66,-0.84,0.695408913204
0.66,-0.78,0.717260976121
0.66,-0.72,0.738106148979
0.66,-0.66,0.757818344707
0.66,-0.6,0.776275849778
0.66,-0.54,0.793362569595
0.66,-0.48,0.808969240564
0.66,-0.42,0.822994591229
0.66,-0.36,0.835346435241
0.66,-0.3,0.845942679687
0.66,-0.24,0.854712233361
0.66,-0.18,0.861595800922
0.66,-0.12,0.866546550535
0.66,-0.06,0.869530644481
0.66,0.0,0.870527624321
0.66,0.06,0.869530644481
0.66,0.12,0.866546550535
0.66,0.18,0.861595800922
0.66,0.24,0.854712233361
0.66,0.3,0.845942679687
0.66,0.36,0.835346435241
0.66,0.42,0.822994591229
0.66,0.48,0.808969240564
0.66,0.54,0.793362569595
0.66,0.6,0.776275849778
0.66,0.66,0.757818344707
0.66,0.72,0.738106148979
0.66,0.78,0.717260976121
0.66,0.84,0.695408913204
0.66,0.9,0.672679159888
0.66,0.96,0.649202769372
0.66,1.02,0.625111408202
0.66,1.08,0.600536151065
0.66,1.14,0.57560632557
0.66,1.2,0.550448420728
0.66,1.26,0.525185071311
0.66,1.32,0.499934128565
0.66,1.38,0.474807825992
0.66,1.44,0.449912047009
0.66,1.5,0.425345699404
0.66,1.56,0.401200199579
0.66,1.62,0.377559067731
0.66,1.68,0.354497633303
0.66,1.74,0.332082848397
0.66,1.8,0.310373205261
0.66,1.86,0.289418752605
0.66,1.92,0.26926120429
0.66,1.98,0.249934132904
0.66,2.04,0.231463239953
0.66,2.1,0.213866693743
0.66,2.16,0.197155525651
0.66,2.22,0.181334075225
0.66,2.28,0.166400474546
0.66,2.34,0.152347162407
0.66,2.4,0.139161419141
0.66,2.46,0.126825913381
0.66,2.52,0.115319252564
0.66,2.58,0.104616529626
0.66,2.64,0.094689859084
0.66,2.7,0.085508896425
0.66,2.76,0.077041335583
0.66,2.82,0.069253380078
0.66,2.88,0.06211018422
0.66,2.94,0.055576261594
0.66,3.0,0.04961585882
0.72,-2.94,0.054130624716
0.72,-2.88,0.060494588456
0.72,-2.82,0.067451977153
0.72,-2.76,0.075037354158
0.72,-2.7,0.083284658763
0.72,-2.64,0.092226808343
0.72,-2.58,0.101895268624
0.72,-2.52,0.112319594805
0.72,-2.46,0.123526947019
0.72,-2.4,0.135541584453
0.72,-2.34,0.148384343211
0.72,-2.28,0.162072103841
0.72,-2.22,0.176617255148
0.72,-2.16,0.192027161661
0.72,-2.1,0.208303642709
0.72,-2.04,0.225442471623
0.72,-1.98,0.243432903974
0.72,-1.92,0.262257244043
0.72,-1.86,0.281890458868
0.72,-1.8,0.302299849141
0.72,-1.74,0.323444786055
0.72,-1.68,0.345276522754
0.72,-1.62,0.367738088477
0.72,-1.56,0.390764272665
0.72,-1.5,0.414281705325
0.72,-1.44,0.438209038771
0.72,-1.38,0.462457234502
0.72,-1.32,0.486929957497
0.72,-1.26,0.511524078553
0.72,-1.2,0.536130283561
0.72,-1.14,0.560633786793
0.72,-1.08,0.584915143427
0.72,-1.02,0.608851154652
0.72,-0.96,0.6323158569
0.72,-0.9,0.65518158497
0.72,-0.84,0.677320097193
0.72,-0.78,0.698603749297
0.72,-0.72,0.718906702334
0.72,-0.66,0.738106148979
0.72,-0.6,0.756083541692
0.72,-0.54,0.772725805701
0.72,-0.48,0.78792651955
0.72,-0.42,0.801587046033
0.72,-0.36,0.813617596732
0.72,-0.3,0.823938214115
0.72,-0.24,0.832479656184
0.72,-0.18,0.839184169976
0.72,-0.12,0.844006141834
0.72,-0.06,0.846912614218
0.72,0.0,0.847883660848
0.72,0.06,0.846912614218
0.72,0.12,0.844006141834
0.72,0.18,0.839184169976
0.72,0.24,0.832479656184
0.72,0.3,0.823938214115
0.72,0.36,0.813617596732
0.72,0.42,0.801587046033
0.72,0.48,0.78792651955
0.72,0.54,0.772725805701
0.72,0.6,0.756083541692
0.72,0.66,0.738106148979
0.72,0.72,0.718906702334
0.72,0.78,0.698603749297
0.72,0.84,0.677320097193
0.72,0.9,0.65518158497
0.72,0.96,0.6323158569
0.72,1.02,0.608851154652
0.72,1.08,0.584915143427
0.72,1.14,0.560633786793
0.72,1.2,0.536130283561
0.72,1.26,0.511524078553
0.72,1.32,0.486929957497
0.72,1.38,0.462457234502
0.72,1.44,0.438209038771
0.72,1.5,0.414281705325
0.72,1.56,0.390764272665
0.72,1.62,0.367738088477
0.72,1.68,0.345276522754
0.72,1.74,0.323444786055
0.72,1.8,0.302299849141
0.72,1.86,0.281890458868
0.72,1.92,0.262257244043
0.72,1.98,0.243432903974
0.72,2.04,0.225442471623
0.72,2.1,0.208303642709
0.72,2.16,0.192027161661
0.72,2.22,0.176617255148
0.72,2.28,0.162072103841
0.72,2.34,0.148384343211
0.72,2.4,0.135541584453
0.72,2.46,0.123526947019
0.72,2.52,0.112319594805
0.72,2.58,0.101895268624
0.72,2.64,0.092226808343
0.72,2.7,0.083284658763
0.72,2.76,0.075037354158
0.72,2.82,0.067451977153
0.72,2.88,0.060494588456
0.72,2.94,0.054130624716
0.72,3.0,0.048325262562
0.78,-2.94,0.052601898487
0.78,-2.88,0.058786134793
0.78,-2.82,0.065547036888
0.78,-2.76,0.072918192002
0.78,-2.7,0.080932580935
0.78,-2.64,0.089622191426
0.78,-2.58,0.099017600567
0.78,-2.52,0.109147528873
0.78,-2.46,0.120038369439
0.78,-2.4,0.131713696335
0.78,-2.34,0.144193757225
0.78,-2.28,0.157494955927
0.78,-2.22,0.171629331367
0.78,-2.16,0.18660404009
0.78,-2.1,0.202420850044
0.78,-2.04,0.219075653927
0.78,-1.98,0.236558010749
0.78,-1.92,0.254850724543
0.78,-1.86,0.273929469313
0.78,-1.8,0.293762469228
0.78,-1.74,0.314310242894
0.78,-1.68,0.335525420138
0.78,-1.62,0.357352639133
0.78,-1.56,0.37972853096
0.78,-1.5,0.402581797701
0.78,-1.44,0.425833389044
0.78,-1.38,0.449396781062
0.78,-1.32,0.473178359373
0.78,-1.26,0.49707790729
0.78,-1.2,0.520989197891
0.78,-1.14,0.544800687161
0.78,-1.08,0.568396303571
0.78,-1.02,0.591656327619
0.78,-0.96,0.61445835313
0.78,-0.9,0.63667832035
0.78,-0.84,0.658191609338
0.78,-0.78,0.678874180679
0.78,-0.72,0.698603749297
0.78,-0.66,0.717260976121
0.78,-0.6,0.734730661563
0.78,-0.54,0.750902924244
0.78,-0.48,0.765674348203
0.78,-0.42,0.778949081889
0.78,-0.36,0.790639872636
0.78,-0.3,0.80066902103
0.78,-0.24,0.808969240564
0.78,-0.18,0.815484409301
0.78,-0.12,0.82017020178
0.78,-0.06,0.822994591229
0.78,0.0,0.823938214115
0.78,0.06,0.822994591229
0.78,0.12,0.82017020178
0.78,0.18,0.815484409301
0.78,0.24,0.808969240564
0.78,0.3,0.80066902103
0.78,0.36,0.790639872636
0.78,0.42,0.778949081889
0.78,0.48,0.765674348203
0.78,0.54,0.750902924244
0.78,0.6,0.734730661563
0.78,0.66,0.717260976121
0.78,0.72,0.698603749297
0.78,0.78,0.678874180679
0.78,0.84,0.658191609338
0.78,0.9,0.63667832035
0.78,0.96,0.61445835313
0.78,1.02,0.591656327619
0.78,1.08,0.568396303571
0.78,1.14,0.544800687161
0.78,1.2,0.520989197891
0.78,1.26,0.49707790729
0.78,1.32,0.473178359373
0.78,1.38,0.449396781062
0.78,1.44,0.425833389044
0.78,1.5,0.402581797701
0.78,1.56,0.37972853096
0.78,1.62,0.357352639133
0.78,1.68,0.335525420138
0.78,1.74,0.314310242894
0.78,1.8,0.293762469228
0.78,1.86,0.273929469313
0.78,1.92,0.254850724543
0.78,1.98,0.236558010749
0.78,2.04,0.219075653927
0.78,2.1,0.202420850044
0.78,2.16,0.18660404009
0.78,2.22,0.171629331367
0.78,2.28,0.157494955927
0.78,2.34,0.144193757225
0.78,2.4,0.131713696335
0.78,2.46,0.120038369439
0.78,2.52,0.109147528873
0.78,2.58,0.099017600567
0.78,2.64,0.089622191426
0.78,2.7,0.080932580935
0.78,2.76,0.072918192002
0.78,2.82,0.065547036888
0.78,2.88,0.058786134793
0.78,2.94,0.052601898487
0.78,3.0,0.04696048806
0.84,-2.94,0.05099932978
0.84,-2.88,0.056995157229
0.84,-2.82,0.063550081774
0.84,-2.76,0.070696667379
0.84,-2.7,0.07846689005
0.84,-2.64,0.086891762989
0.84,-2.58,0.096000931726
0.84,-2.52,0.105822241777
0.84,-2.46,0.116381282146
0.84,-2.4,0.127700908695
0.84,-2.34,0.139800752224
0.84,-2.28,0.152696716791
0.84,-2.22,0.166400474546
0.84,-2.16,0.180918964001
0.84,-2.1,0.196253899243
0.84,-2.04,0.212401298104
0.84,-1.98,0.229351037686
0.84,-1.92,0.247086445916
0.84,-1.86,0.265583937913
0.84,-1.8,0.284812705928
0.84,-1.74,0.304734471408
0.84,-1.68,0.325303307357
0.84,-1.62,0.346465538602
0.84,-1.56,0.368159726821
0.84,-1.5,0.390316746255
0.84,-1.44,0.41285995494
0.84,-1.38,0.435705464984
0.84,-1.32,0.458762514061
0.84,-1.26,0.481933938684
0.84,-1.2,0.505116748238
0.84,-1.14,0.528202797008
0.84,-1.08,0.551079549696
0.84,-1.02,0.573630934176
0.84,-0.96,0.595738273495
0.84,-0.9,0.617281287502
0.84,-0.84,0.638139152928
0.84,-0.78,0.658191609338
0.84,-0.72,0.677320097193
0.84,-0.66,0.695408913204
0.84,-0.6,0.712346367453
0.84,-0.54,0.728025926204
0.84,-0.48,0.742347324166
0.84,-0.42,0.75521763
0.84,-0.36,0.766552249279
0.84,-0.3,0.776275849778
0.84,-0.24,0.784323194939
0.84,-0.18,0.790639872636
0.84,-0.12,0.795182907827
0.84,-0.06,0.797921249466
0.84,0.0,0.79883612395
0.84,0.06,0.797921249466
0.84,0.12,0.795182907827
0.84,0.18,0.790639872636
0.84,0.24,0.784323194939
0.84,0.3,0.776275849778
0.84,0.36,0.766552249279
0.84,0.42,0.75521763
0.84,0.48,0.742347324166
0.84,0.54,0.728025926204
0.84,0.6,0.712346367453
0.84,0.66,0.695408913204
0.84,0.72,0.677320097193
0.84,0.78,0.658191609338
0.84,0.84,0.638139152928
0.84,0.9,0.617281287502
0.84,0.96,0.595738273495
0.84,1.02,0.573630934176
0.84,1.08,0.551079549696
0.84,1.14,0.528202797008
0.84,1.2,0.505116748238
0.84,1.26,0.481933938684
0.84,1.32,0.458762514061
0.84,1.38,0.435705464984
0.84,1.44,0.41285995494
0.84,1.5,0.390316746255
0.84,1.56,0.368159726821
0.84,1.62,0.346465538602
0.84,1.68,0.325303307357
0.84,1.74,0.304734471408
0.84,1.8,0.284812705928
0.84,1.86,0.265583937913
0.84,1.92,0.247086445916
0.84,1.98,0.229351037686
0.84,2.04,0.212401298104
0.84,2.1,0.196253899243
0.84,2.16,0.180918964001
0.84,2.22,0.166400474546
0.84,2.28,0.152696716791
0.84,2.34,0.139800752224
0.84,2.4,0.127700908695
0.84,2.46,0.116381282146
0.84,2.52,0.105822241777
0.84,2.58,0.096000931726
0.84,2.64,0.086891762989
0.84,2.7,0.07846689005
0.84,2.76,0.070696667379
0.84,2.82,0.063550081774
0.84,2.88,0.056995157229
0.84,2.94,0.05099932978
0.84,3.0,0.045529790485
0.9,-2.94,0.049332393733
0.9,-2.88,0.055132244863
0.9,-2.82,0.061472918749
0.9,-2.76,0.068385914987
0.9,-2.7,0.075902164433
0.9,-2.64,0.084051666608
0.9,-2.58,0.092863098064
0.9,-2.52,0.102363394177
0.9,-2.46,0.112577307559
0.9,-2.4,0.123526947019
0.9,-2.34,0.135231301717
0.9,-2.28,0.147705755877
0.9,-2.22,0.160961600142
0.9,-2.16,0.175005546235
0.9,-2.1,0.189839252217
0.9,-2.04,0.205458866078
0.9,-1.98,0.221854595793
0.9,-1.92,0.239010314223
0.9,-1.86,0.256903207369
0.9,-1.8,0.275503474447
0.9,-1.74,0.294774088056
0.9,-1.68,0.314670622344
0.9,-1.62,0.335141156537
0.9,-1.56,0.356126260449
0.9,-1.5,0.377559067731
0.9,-1.44,0.399365441493
0.9,-1.38,0.42146423576
0.9,-1.32,0.44376765481
0.9,-1.26,0.466181710991
0.9,-1.2,0.48860677998
0.9,-1.14,0.510938250855
0.9,-1.08,0.533067266586
0.9,-1.02,0.554881548914
0.9,-0.96,0.576266299897
0.9,-0.9,0.597105170796
0.9,-0.84,0.617281287502
0.9,-0.78,0.63667832035
0.9,-0.72,0.65518158497
0.9,-0.66,0.672679159888
0.9,-0.6,0.689063005822
0.9,-0.54,0.704230071138
0.9,-0.48,0.718083367762
0.9,-0.42,0.730533001857
0.9,-0.36,0.741497144004
0.9,-0.3,0.750902924244
0.9,-0.24,0.758687238307
0.9,-0.18,0.76479745255
0.9,-0.12,0.769191996591
0.9,-0.06,0.771840834301
0.9,0.0,0.772725805701
0.9,0.06,0.771840834301
0.9,0.12,0.769191996591
0.9,0.18,0.76479745255
0.9,0.24,0.758687238307
0.9,0.3,0.750902924244
0.9,0.36,0.741497144004
0.9,0.42,0.730533001857
0.9,0.48,0.718083367762
0.9,0.54,0.704230071138
0.9,0.6,0.689063005822
0.9,0.66,0.672679159888
0.9,0.72,0.65518158497
0.9,0.78,0.63667832035
0.9,0.84,0.617281287502
0.9,0.9,0.597105170796
0.9,0.96,0.576266299897
0.9,1.02,0.554881548914
0.9,1.08,0.533067266586
0.9,1.14,0.510938250855
0.9,1.2,0.48860677998
0.9,1.26,0.466181710991
0.9,1.32,0.44376765481
0.9,1.38,0.42146423576
0.9,1.44,0.399365441493
0.9,1.5,0.377559067731
0.9,1.56,0.356126260449
0.9,1.62,0.335141156537
0.9,1.68,0.314670622344
0.9,1.74,0.294774088056
0.9,1.8,0.275503474447
0.9,1.86,0.256903207369
0.9,1.92,0.239010314223
0.9,1.98,0.221854595793
0.9,2.04,0.205458866078
0.9,2.1,0.189839252217
0.9,2.16,0.175005546235
0.9,2.22,0.160961600142
0.9,2.28,0.147705755877
0.9,2.34,0.135231301717
0.9,2.4,0.123526947019
0.9,2.46,0.112577307559
0.9,2.52,0.102363394177
0.9,2.58,0.092863098064
0.9,2.64,0.084051666608
0.9,2.7,0.075902164433
0.9,2.76,0.068385914987
0.9,2.82,0.061472918749
0.9,2.88,0.055132244863
0.9,2.94,0.049332393733
0.9,3.0,0.044041628791
0.96,-2.94,0.047610701417
0.96,-2.88,0.05320813871
0.96,-2.82,0.059327524135
0.96,-2.76,0.065999257957
0.96,-2.7,0.07325319155
0.96,-2.64,0.081118277458
0.96,-2.58,0.089622191426
0.96,-2.52,0.098790928788
0.96,-2.46,0.108648378296
0.96,-2.4,0.119215877165
0.96,-2.34,0.130511751835
0.96,-2.28,0.142550849626
0.96,-2.22,0.155344067136
0.96,-2.16,0.168897881852
0.96,-2.1,0.183213893969
0.96,-2.04,0.19828838591
0.96,-1.98,0.214111907392
0.96,-1.92,0.23066889411
0.96,-1.86,0.247937328268
0.96,-1.8,0.265888449127
0.96,-1.74,0.284486521534
0.96,-1.68,0.303688670093
0.96,-1.62,0.323444786055
0.96,-1.56,0.34369751334
0.96,-1.5,0.364382319222
0.96,-1.44,0.385427654176
0.96,-1.38,0.406755204207
0.96,-1.32,0.428280237652
0.96,-1.26,0.449912047009
0.96,-1.2,0.47155448483
0.96,-1.14,0.493106591095
0.96,-1.08,0.514463307866
0.96,-1.02,0.535516275378
0.96,-0.96,0.556154702118
0.96,-0.9,0.576266299897
0.96,-0.84,0.595738273495
0.96,-0.78,0.61445835313
0.96,-0.72,0.6323158569
0.96,-0.66,0.649202769372
0.96,-0.6,0.665014821814
0.96,-0.54,0.679652559079
0.96,-0.48,0.693022377961
0.96,-0.42,0.705037521902
0.96,-0.36,0.715619017316
0.96,-0.3,0.724696537394
0.96,-0.24,0.732209180194
0.96,-0.18,0.738106148979
0.96,-0.12,0.742347324166
0.96,-0.06,0.744903717882
0.96,0.0,0.745757803927
0.96,0.06,0.744903717882
0.96,0.12,0.742347324166
0.96,0.18,0.738106148979
0.96,0.24,0.732209180194
0.96,0.3,0.724696537394
0.96,0.36,0.715619017316
0.96,0.42,0.705037521902
0.96,0.48,0.693022377961
0.96,0.54,0.679652559079
0.96,0.6,0.665014821814
0.96,0.66,0.649202769372
0.96,0.72,0.6323158569
0.96,0.78,0.61445835313
0.96,0.84,0.595738273495
0.96,0.9,0.576266299897
0.96,0.96,0.556154702118
0.96,1.02,0.535516275378
0.96,1.08,0.514463307866
0.96,1.14,0.493106591095
0.96,1.2,0.47155448483
0.96,1.26,0.449912047009
0.96,1.32,0.428280237652
0.96,1.38,0.406755204207
0.96,1.44,0.385427654176
0.96,1.5,0.364382319222
0.96,1.56,0.34369751334
0.96,1.62,0.323444786055
0.96,1.68,0.303688670093
0.96,1.74,0.284486521534
0.96,1.8,0.265888449127
0.96,1.86,0.247937328268
0.96,1.92,0.23066889411
0.96,1.98,0.214111907392
0.96,2.04,0.19828838591
0.96,2.1,0.183213893969
0.96,2.16,0.168897881852
0.96,2.22,0.155344067136
0.96,2.28,0.142550849626
0.96,2.34,0.130511751835
0.96,2.4,0.119215877165
0.96,2.46,0.108648378296
0.96,2.52,0.098790928788
0.96,2.58,0.089622191426
0.96,2.64,0.081118277458
0.96,2.7,0.07325319155
0.96,2.76,0.065999257957
0.96,2.82,0.059327524135
0.96,2.88,0.05320813871
0.96,2.94,0.047610701417
0.96,3.0,0.042504583289
1.02,-2.94,0.045843908887
1.02,-2.88,0.051233630055
1.02,-2.82,0.057125930305
1.02,-2.76,0.063550081774
1.02,-2.7,0.070534828078
1.02,-2.64,0.078108047355
1.02,-2.58,0.086296388327
1.02,-2.52,0.095124881664
1.02,-2.46,0.104616529626
1.02,-2.4,0.114791877624
1.02,-2.34,0.125668572018
1.02,-2.28,0.137260909155
1.02,-2.22,0.149579381273
1.02,-2.16,0.162630225483
1.02,-2.1,0.176414982598
1.02,-2.04,0.190930072998
1.02,-1.98,0.206166397091
1.02,-1.92,0.22210896815
1.02,-1.86,0.238736585443
1.02,-1.8,0.256021555514
1.02,-1.74,0.273929469313
1.02,-1.68,0.292419042514
1.02,-1.62,0.31144202586
1.02,-1.56,0.330943191705
1.02,-1.5,0.350860402079
1.02,-1.44,0.3711247626
1.02,-1.38,0.391660865436
1.02,-1.32,0.412387123245
1.02,-1.26,0.433216194603
1.02,-1.2,0.454055500012
1.02,-1.14,0.474807825992
1.02,-1.08,0.495372013215
1.02,-1.02,0.515643723056
1.02,-0.96,0.535516275378
1.02,-0.9,0.554881548914
1.02,-0.84,0.573630934176
1.02,-0.78,0.591656327619
1.02,-0.72,0.608851154652
1.02,-0.66,0.625111408202
1.02,-0.6,0.640336688862
1.02,-0.54,0.654431232179
1.02,-0.48,0.667304908483
1.02,-0.42,0.678874180679
1.02,-0.36,0.689063005822
1.02,-0.3,0.69780366687
1.02,-0.24,0.705037521902
1.02,-0.18,0.710715659204
1.02,-0.12,0.714799447996
1.02,-0.06,0.717260976121
1.02,0.0,0.718083367762
1.02,0.06,0.717260976121
1.02,0.12,0.714799447996
1.02,0.18,0.710715659204
1.02,0.24,0.705037521902
1.02,0.3,0.69780366687
1.02,0.36,0.689063005822
1.02,0.42,0.678874180679
1.02,0.48,0.667304908483
1.02,0.54,0.654431232179
1.02,0.6,0.640336688862
1.02,0.66,0.625111408202
1.02,0.72,0.608851154652
1.02,0.78,0.591656327619
1.02,0.84,0.573630934176
1.02,0.9,0.554881548914
1.02,0.96,0.535516275378
1.02,1.02,0.515643723056
1.02,1.08,0.495372013215
1.02,1.14,0.474807825992
1.02,1.2,0.454055500012
1.02,1.26,0.433216194603
1.02,1.32,0.412387123245
1.02,1.38,0.391660865436
1.02,1.44,0.3711247626
1.02,1.5,0.350860402079
1.02,1.56,0.330943191705
1.02,1.62,0.31144202586
1.02,1.68,0.292419042514
1.02,1.74,0.273929469313
1.02,1.8,0.256021555514
1.02,1.86,0.238736585443
1.02,1.92,0.22210896815
1.02,1.98,0.206166397091
1.02,2.04,0.190930072998
1.02,2.1,0.176414982598
1.02,2.16,0.162630225483
1.02,2.22,0.149579381273
1.02,2.28,0.137260909155
1.02,2.34,0.125668572018
1.02,2.4,0.114791877624
1.02,2.46,0.104616529626
1.02,2.52,0.095124881664
1.02,2.58,0.086296388327
1.02,2.64,0.078108047355
1.02,2.7,0.070534828078
1.02,2.76,0.063550081774
1.02,2.82,0.057125930305
1.02,2.88,0.051233630055
1.02,2.94,0.045843908887
1.02,3.0,0.040927274449
1.08,-2.94,0.044041628791
1.08,-2.88,0.049219461675
1.08,-2.82,0.054880115546
1.08,-2.76,0.061051711755
1.08,-2.7,0.067761863908
1.08,-2.64,0.075037354158
1.08,-2.58,0.082903783576
1.08,-2.52,0.091385198791
1.08,-2.46,0.100503697765
1.08,-2.4,0.1102790182
1.08,-2.34,0.120728112716
1.08,-2.28,0.131864715624
1.08,-2.22,0.143698906675
1.08,-2.16,0.156236677778
1.08,-2.1,0.169479509171
1.08,-2.04,0.183423961963
1.08,-1.98,0.198061294296
1.08,-1.92,0.213377108624
1.08,-1.86,0.229351037686
1.08,-1.8,0.245956476751
1.08,-1.74,0.263160369506
1.08,-1.68,0.280923054651
1.08,-1.62,0.299198179773
1.08,-1.56,0.317932688414
1.08,-1.5,0.337066885456
1.08,-1.44,0.356534584991
1.08,-1.38,0.376263343727
1.08,-1.32,0.396174781796
1.08,-1.26,0.416184991463
1.08,-1.2,0.436205032846
1.08,-1.14,0.456141514257
1.08,-1.08,0.475897253287
1.08,-1.02,0.495372013215
1.08,-0.96,0.514463307866
1.08,-0.9,0.533067266586
1.08,-0.84,0.551079549696
1.08,-0.78,0.568396303571
1.08,-0.72,0.584915143427
1.08,-0.66,0.600536151065
1.08,-0.6,0.61516287412
1.08,-0.54,0.628703312967
1.08,-0.48,0.641070881237
1.08,-0.42,0.652185325965
1.08,-0.36,0.661973593711
1.08,-0.3,0.670370629624
1.08,-0.24,0.677320097193
1.08,-0.18,0.682775007591
1.08,-0.12,0.686698248745
1.08,-0.06,0.689063005822
1.08,0.0,0.689853066448
1.08,0.06,0.689063005822
1.08,0.12,0.686698248745
1.08,0.18,0.682775007591
1.08,0.24,0.677320097193
1.08,0.3,0.670370629624
1.08,0.36,0.661973593711
1.08,0.42,0.652185325965
1.08,0.48,0.641070881237
1.08,0.54,0.628703312967
1.08,0.6,0.61516287412
1.08,0.66,0.600536151065
1.08,0.72,0.584915143427
1.08,0.78,0.568396303571
1.08,0.84,0.551079549696
1.08,0.9,0.533067266586
1.08,0.96,0.514463307866
1.08,1.02,0.495372013215
1.08,1.08,0.475897253287
1.08,1.14,0.456141514257
1.08,1.2,0.436205032846
1.08,1.26,0.416184991463
1.08,1.32,0.396174781796
1.08,1.38,0.376263343727
1.08,1.44,0.356534584991
1.08,1.5,0.337066885456
1.08,1.56,0.317932688414
1.08,1.62,0.299198179773
1.08,1.68,0.280923054651
1.08,1.74,0.263160369506
1.08,1.8,0.245956476751
1.08,1.86,0.229351037686
1.08,1.92,0.213377108624
1.08,1.98,0.198061294296
1.08,2.04,0.183423961963
1.08,2.1,0.169479509171
1.08,2.16,0.156236677778
1.08,2.22,0.143698906675
1.08,2.28,0.131864715624
1.08,2.34,0.120728112716
1.08,2.4,0.1102790182
1.08,2.46,0.100503697765
1.08,2.52,0.091385198791
1.08,2.58,0.082903783576
1.08,2.64,0.075037354158
1.08,2.7,0.067761863908
1.08,2.76,0.061051711755
1.08,2.82,0.054880115546
1.08,2.88,0.049219461675
1.08,2.94,0.044041628791
1.08,3.0,0.039318283987
1.14,-2.94,0.04221334565
1.14,-2.88,0.047176233156
1.14,-2.82,0.052601898487
1.14,-2.76,0.058517295605
1.14,-2.7,0.0649488918
1.14,-2.64,0.071922357432
1.14,-2.58,0.079462230801
1.14,-2.52,0.087591560298
1.14,-2.46,0.096331526544
1.14,-2.4,0.105701047873
1.14,-2.34,0.115716373161
1.14,-2.28,0.12639066657
1.14,-2.22,0.137733589415
1.14,-2.16,0.149750884864
1.14,-2.1,0.162443971708
1.14,-2.04,0.175809553812
1.14,-1.98,0.189839252217
1.14,-1.92,0.204519267054
1.14,-1.86,0.219830076563
1.14,-1.8,0.235746180444
1.14,-1.74,0.252235894638
1.14,-1.68,0.26926120429
1.14,-1.62,0.286777681195
1.14,-1.56,0.304734471408
1.14,-1.5,0.323074357913
1.14,-1.44,0.341733902349
1.14,-1.38,0.360643668736
1.14,-1.32,0.37972853096
1.14,-1.26,0.398908064516
1.14,-1.2,0.418097021646
1.14,-1.14,0.437205887598
1.14,-1.08,0.456141514257
1.14,-1.02,0.474807825992
1.14,-0.96,0.493106591095
1.14,-0.9,0.510938250855
1.14,-0.84,0.528202797008
1.14,-0.78,0.544800687161
1.14,-0.72,0.560633786793
1.14,-0.66,0.57560632557
1.14,-0.6,0.589625855114
1.14,-0.54,0.602604194948
1.14,-0.48,0.61445835313
1.14,-0.42,0.625111408202
1.14,-0.36,0.634493339367
1.14,-0.3,0.642541792368
1.14,-0.24,0.649202769372
1.14,-0.18,0.654431232179
1.14,-0.12,0.658191609338
1.14,-0.06,0.660458199166
1.14,0.0,0.66121546231
1.14,0.06,0.660458199166
1.14,0.12,0.658191609338
1.14,0.18,0.654431232179
1.14,0.24,0.649202769372
1.14,0.3,0.642541792368
1.14,0.36,0.634493339367
1.14,0.42,0.625111408202
1.14,0.48,0.61445835313
1.14,0.54,0.602604194948
1.14,0.6,0.589625855114
1.14,0.66,0.57560632557
1.14,0.72,0.560633786793
1.14,0.78,0.544800687161
1.14,0.84,0.528202797008
1.14,0.9,0.510938250855
1.14,0.96,0.493106591095
1.14,1.02,0.474807825992
1.14,1.08,0.456141514257
1.14,1.14,0.437205887598
1.14,1.2,0.418097021646
1.14,1.26,0.398908064516
1.14,1.32,0.37972853096
1.14,1.38,0.360643668736
1.14,1.44,0.341733902349
1.14,1.5,0.323074357913
1.14,1.56,0.304734471408
1.14,1.62,0.286777681195
1.14,1.68,0.26926120429
1.14,1.74,0.252235894638
1.14,1.8,0.235746180444
1.14,1.86,0.219830076563
1.14,1.92,0.204519267054
1.14,1.98,0.189839252217
1.14,2.04,0.175809553812
1.14,2.1,0.162443971708
1.14,2.16,0.149750884864
1.14,2.22,0.137733589415
1.14,2.28,0.12639066657
1.14,2.34,0.115716373161
1.14,2.4,0.105701047873
1.14,2.46,0.096331526544
1.14,2.52,0.087591560298
1.14,2.58,0.079462230801
1.14,2.64,0.071922357432
1.14,2.7,0.0649488918
1.14,2.76,0.058517295605
1.14,2.82,0.052601898487
1.14,2.88,0.047176233156
1.14,2.94,0.04221334565
1.14,3.0,0.037686079237
1.2,-2.94,0.040368335813
1.2,-2.88,0.045114311436
1.2,-2.82,0.050302838352
1.2,-2.76,0.05595969245
1.2,-2.7,0.06211018422
1.2,-2.64,0.068778862053
1.2,-2.58,0.07598919176
1.2,-2.52,0.08376321436
1.2,-2.46,0.092121184735
1.2,-2.4,0.101081194362
1.2,-2.34,0.11065878193
1.2,-2.28,0.120866536238
1.2,-2.22,0.131713696335
1.2,-2.16,0.143205754374
1.2,-2.1,0.155344067136
1.2,-2.04,0.16812548255
1.2,-1.98,0.181541987871
1.2,-1.92,0.195580386381
1.2,-1.86,0.210222009553
1.2,-1.8,0.225442471623
1.2,-1.74,0.24121147334
1.2,-1.68,0.257492661357
1.2,-1.62,0.274243549283
1.2,-1.56,0.291415505836
1.2,-1.5,0.30895381477
1.2,-1.44,0.326797810415
1.2,-1.38,0.344881091613
1.2,-1.32,0.363131815769
1.2,-1.26,0.381473073478
1.2,-1.2,0.399823342887
1.2,-1.14,0.418097021646
1.2,-1.08,0.436205032846
1.2,-1.02,0.454055500012
1.2,-0.96,0.47155448483
1.2,-0.9,0.48860677998
1.2,-0.84,0.505116748238
1.2,-0.78,0.520989197891
1.2,-0.72,0.536130283561
1.2,-0.66,0.550448420728
1.2,-0.6,0.563855201638
1.2,-0.54,0.576266299897
1.2,-0.48,0.587602350875
1.2,-0.42,0.597789795106
1.2,-0.36,0.606761672175
1.2,-0.3,0.61445835313
1.2,-0.24,0.62082820021
1.2,-0.18,0.625828143691
1.2,-0.12,0.629424166835
1.2,-0.06,0.631591691297
1.2,0.0,0.6323158569
1.2,0.06,0.631591691297
1.2,0.12,0.629424166835
1.2,0.18,0.625828143691
1.2,0.24,0.62082820021
1.2,0.3,0.61445835313
1.2,0.36,0.606761672175
1.2,0.42,0.597789795106
1.2,0.48,0.587602350875
1.2,0.54,0.576266299897
1.2,0.6,0.563855201638
1.2,0.66,0.550448420728
1.2,0.72,0.536130283561
1.2,0.78,0.520989197891
1.2,0.84,0.505116748238
1.2,0.9,0.48860677998
1.2,0.96,0.47155448483
1.2,1.02,0.454055500012
1.2,1.08,0.436205032846
1.2,1.14,0.418097021646
1.2,1.2,0.399823342887
1.2,1.26,0.381473073478
1.2,1.32,0.363131815769
1.2,1.38,0.344881091613
1.2,1.44,0.326797810415
1.2,1.5,0.30895381477
1.2,1.56,0.291415505836
1.2,1.62,0.274243549283
1.2,1.68,0.257492661357
1.2,1.74,0.24121147334
1.2,1.8,0.225442471623
1.2,1.86,0.210222009553
1.2,1.92,0.195580386381
1.2,1.98,0.181541987871
1.2,2.04,0.16812548255
1.2,2.1,0.155344067136
1.2,2.16,0.143205754374
1.2,2.22,0.131713696335
1.2,2.28,0.120866536238
1.2,2.34,0.11065878193
1.2,2.4,0.101081194362
1.2,2.46,0.092121184735
1.2,2.52,0.08376321436
1.2,2.58,0.07598919176
1.2,2.64,0.068778862053
1.2,2.7,0.06211018422
1.2,2.76,0.05595969245
1.2,2.82,0.050302838352
1.2,2.88,0.045114311436
1.2,2.94,0.040368335813
1.2,3.0,0.036038941682
1.26,-2.94,0.038515592968
1.26,-2.88,0.043043747564
1.26,-2.82,0.047994142144
1.26,-2.76,0.053391369587
1.26,-2.7,0.059259578737
1.26,-2.64,0.065622191311
1.26,-2.58,0.072501596136
1.26,-2.52,0.079918822636
1.26,-2.46,0.087893196079
1.26,-2.4,0.096441977614
1.26,-2.34,0.105579992767
1.26,-2.28,0.115319252564
1.26,-2.22,0.125668572018
1.26,-2.16,0.136633191215
1.26,-2.1,0.148214404665
1.26,-2.04,0.160409204963
1.26,-1.98,0.173209947119
1.26,-1.92,0.18660404009
1.26,-1.86,0.200573672157
1.26,-1.8,0.215095576765
1.26,-1.74,0.230140845276
1.26,-1.68,0.245674792813
1.26,-1.62,0.26165688294
1.26,-1.56,0.278040716351
1.26,-1.5,0.294774088056
1.26,-1.44,0.311799116691
1.26,-1.38,0.329052448643
1.26,-1.32,0.346465538602
1.26,-1.26,0.36396500699
1.26,-1.2,0.381473073478
1.26,-1.14,0.398908064516
1.26,-1.08,0.416184991463
1.26,-1.02,0.433216194603
1.26,-0.96,0.449912047009
1.26,-0.9,0.466181710991
1.26,-0.84,0.481933938684
1.26,-0.78,0.49707790729
1.26,-0.72,0.511524078553
1.26,-0.66,0.525185071311
1.26,-0.6,0.537976535367
1.26,-0.54,0.549818014566
1.26,-0.48,0.560633786793
1.26,-0.42,0.570353668663
1.26,-0.36,0.578913772972
1.26,-0.3,0.586257207495
1.26,-0.24,0.592334704436
1.26,-0.18,0.597105170796
1.26,-0.12,0.600536151065
1.26,-0.06,0.602604194948
1.26,0.0,0.603295124288
1.26,0.06,0.602604194948
1.26,0.12,0.600536151065
1.26,0.18,0.597105170796
1.26,0.24,0.592334704436
1.26,0.3,0.586257207495
1.26,0.36,0.578913772972
1.26,0.42,0.570353668663
1.26,0.48,0.560633786793
1.26,0.54,0.549818014566
1.26,0.6,0.537976535367
1.26,0.66,0.525185071311
1.26,0.72,0.511524078553
1.26,0.78,0.49707790729
1.26,0.84,0.481933938684
1.26,0.9,0.466181710991
1.26,0.96,0.449912047009
1.26,1.02,0.433216194603
1.26,1.08,0.416184991463
1.26,1.14,0.398908064516
1.26,1.2,0.381473073478
1.26,1.26,0.36396500699
1.26,1.32,0.346465538602
1.26,1.38,0.329052448643
1.26,1.44,0.311799116691
1.26,1.5,0.294774088056
1.26,1.56,0.278040716351
1.26,1.62,0.26165688294
1.26,1.68,0.245674792813
1.26,1.74,0.230140845276
1.26,1.8,0.215095576765
1.26,1.86,0.200573672157
1.26,1.92,0.18660404009
1.26,1.98,0.173209947119
1.26,2.04,0.160409204963
1.26,2.1,0.148214404665
1.26,2.16,0.136633191215
1.26,2.22,0.125668572018
1.26,2.28,0.115319252564
1.26,2.34,0.105579992767
1.26,2.4,0.096441977614
1.26,2.46,0.087893196079
1.26,2.52,0.079918822636
1.26,2.58,0.072501596136
1.26,2.64,0.065622191311
1.26,2.7,0.059259578737
1.26,2.76,0.053391369587
1.26,2.82,0.047994142144
1.26,2.88,0.043043747564
1.26,2.94,0.038515592968
1.26,3.0,0.034384900464
1.32,-2.94,0.036663759993
1.32,-2.88,0.040974200532
1.32,-2.82,0.045686579721
1.32,-2.76,0.050824308012
1.32,-2.7,0.056410373168
1.32,-2.64,0.062467070791
1.32,-2.58,0.069015713248
1.32,-2.52,0.07607631887
1.32,-2.46,0.083667283761
1.32,-2.4,0.091805039155
1.32,-2.34,0.100503697765
1.32,-2.28,0.109774693126
1.32,-2.22,0.119626416423
1.32,-2.16,0.1300638558
1.32,-2.1,0.141088243525
1.32,-2.04,0.152696716791
1.32,-1.98,0.164881998179
1.32,-1.92,0.177632102025
1.32,-1.86,0.190930072998
1.32,-1.8,0.204753763202
1.32,-1.74,0.219075653927
1.32,-1.68,0.23386272795
1.32,-1.62,0.249076397829
1.32,-1.56,0.264672495141
1.32,-1.5,0.280601324916
1.32,-1.44,0.296807788731
1.32,-1.38,0.313231579021
1.32,-1.32,0.329807446138
1.32,-1.26,0.346465538602
1.32,-1.2,0.363131815769
1.32,-1.14,0.37972853096
1.32,-1.08,0.396174781796
1.32,-1.02,0.412387123245
1.32,-0.96,0.428280237652
1.32,-0.9,0.44376765481
1.32,-0.84,0.458762514061
1.32,-0.78,0.473178359373
1.32,-0.72,0.486929957497
1.32,-0.66,0.499934128565
1.32,-0.6,0.512110577945
1.32,-0.54,0.523382717821
1.32,-0.48,0.533678466802
1.32,-0.42,0.542931015928
1.32,-0.36,0.551079549696
1.32,-0.3,0.558069911265
1.32,-0.24,0.563855201638
1.32,-0.18,0.568396303571
1.32,-0.12,0.571662322018
1.32,-0.06,0.573630934176
1.32,0.0,0.574288643574
1.32,0.06,0.573630934176
1.32,0.12,0.571662322018
1.32,0.18,0.568396303571
1.32,0.24,0.563855201638
1.32,0.3,0.558069911265
1.32,0.36,0.551079549696
1.32,0.42,0.542931015928
1.32,0.48,0.533678466802
1.32,0.54,0.523382717821
1.32,0.6,0.512110577945
1.32,0.66,0.499934128565
1.32,0.72,0.486929957497
1.32,0.78,0.473178359373
1.32,0.84,0.458762514061
1.32,0.9,0.44376765481
1.32,0.96,0.428280237652
1.32,1.02,0.412387123245
1.32,1.08,0.396174781796
1.32,1.14,0.37972853096
1.32,1.2,0.363131815769
1.32,1.26,0.346465538602
1.32,1.32,0.329807446138
1.32,1.38,0.313231579021
1.32,1.44,0.296807788731
1.32,1.5,0.280601324916
1.32,1.56,0.264672495141
1.32,1.62,0.249076397829
1.32,1.68,0.23386272795
1.32,1.74,0.219075653927
1.32,1.8,0.204753763202
1.32,1.86,0.190930072998
1.32,1.92,0.177632102025
1.32,1.98,0.164881998179
1.32,2.04,0.152696716791
1.32,2.1,0.141088243525
1.32,2.16,0.1300638558
1.32,2.22,0.119626416423
1.32,2.28,0.109774693126
1.32,2.34,0.100503697765
1.32,2.4,0.091805039155
1.32,2.46,0.083667283761
1.32,2.52,0.07607631887
1.32,2.58,0.069015713248
1.32,2.64,0.062467070791
1.32,2.7,0.056410373168
1.32,2.76,0.050824308012
1.32,2.82,0.045686579721
1.32,2.88,0.040974200532
1.32,2.94,0.036663759993
1.32,3.0,0.032731671535
1.38,-2.94,0.034821067778
1.38,-2.88,0.03891486891
1.38,-2.82,0.043390407566
1.38,-2.76,0.048269917606
1.38,-2.7,0.05357523145
1.38,-2.64,0.059327524135
1.38,-2.58,0.065547036888
1.38,-2.52,0.072252781933
1.38,-2.46,0.079462230801
1.38,-2.4,0.087190988904
1.38,-2.34,0.095452459661
1.38,-2.28,0.104257501966
1.38,-2.22,0.113614085271
1.38,-2.16,0.123526947019
1.38,-2.1,0.133997257546
1.38,-2.04,0.145022297925
1.38,-1.98,0.156595156497
1.38,-1.92,0.168704449986
1.38,-1.86,0.181334075225
1.38,-1.8,0.194462997452
1.38,-1.74,0.208065081029
1.38,-1.68,0.22210896815
1.38,-1.62,0.236558010749
1.38,-1.56,0.251370260275
1.38,-1.5,0.266498519387
1.38,-1.44,0.281890458868
1.38,-1.38,0.297488802162
1.38,-1.32,0.313231579021
1.38,-1.26,0.329052448643
1.38,-1.2,0.344881091613
1.38,-1.14,0.360643668736
1.38,-1.08,0.376263343727
1.38,-1.02,0.391660865436
1.38,-0.96,0.406755204207
1.38,-0.9,0.42146423576
1.38,-0.84,0.435705464984
1.38,-0.78,0.449396781062
1.38,-0.72,0.462457234502
1.38,-0.66,0.474807825992
1.38,-0.6,0.486372296445
1.38,-0.54,0.49707790729
1.38,-0.48,0.506856199892
1.38,-0.42,0.515643723056
1.38,-0.36,0.523382717821
1.38,-0.3,0.530021749225
1.38,-0.24,0.535516275378
1.38,-0.18,0.539829145041
1.38,-0.12,0.542931015928
1.38,-0.06,0.544800687161
1.38,0.0,0.545425340594
1.38,0.06,0.544800687161
1.38,0.12,0.542931015928
1.38,0.18,0.539829145041
1.38,0.24,0.535516275378
1.38,0.3,0.530021749225
1.38,0.36,0.523382717821
1.38,0.42,0.515643723056
1.38,0.48,0.506856199892
1.38,0.54,0.49707790729
1.38,0.6,0.486372296445
1.38,0.66,0.474807825992
1.38,0.72,0.462457234502
1.38,0.78,0.449396781062
1.38,0.84,0.435705464984
1.38,0.9,0.42146423576
1.38,0.96,0.406755204207
1.38,1.02,0.391660865436
1.38,1.08,0.376263343727
1.38,1.14,0.360643668736
1.38,1.2,0.344881091613
1.38,1.26,0.329052448643
1.38,1.32,0.313231579021
1.38,1.38,0.297488802162
1.38,1.44,0.281890458868
1.38,1.5,0.266498519387
1.38,1.56,0.251370260275
1.38,1.62,0.236558010749
1.38,1.68,0.22210896815
1.38,1.74,0.208065081029
1.38,1.8,0.194462997452
1.38,1.86,0.181334075225
1.38,1.92,0.168704449986
1.38,1.98,0.156595156497
1.38,2.04,0.145022297925
1.38,2.1,0.133997257546
1.38,2.16,0.123526947019
1.38,2.22,0.113614085271
1.38,2.28,0.104257501966
1.38,2.34,0.095452459661
1.38,2.4,0.087190988904
1.38,2.46,0.079462230801
1.38,2.52,0.072252781933
1.38,2.58,0.065547036888
1.38,2.64,0.059327524135
1.38,2.7,0.05357523145
1.38,2.76,0.048269917606
1.38,2.82,0.043390407566
1.38,2.88,0.03891486891
1.38,2.94,0.034821067778
1.38,3.0,0.031086603044
1.44,-2.94,0.032995281512
1.44,-2.88,0.036874430815
1.44,-2.82,0.041115301854
1.44,-2.76,0.045738962693
1.44,-2.7,0.050766101001
1.44,-2.64,0.05621678154
1.44,-2.58,0.06211018422
1.44,-2.52,0.06846432439
1.44,-2.46,0.075295757488
1.44,-2.4,0.082619270684
1.44,-2.34,0.090447564609
1.44,-2.28,0.098790928788
1.44,-2.22,0.107656914809
1.44,-2.16,0.117050011714
1.44,-2.1,0.126971328474
1.44,-2.04,0.137418288726
1.44,-1.98,0.148384343211
1.44,-1.92,0.159858705517
1.44,-1.86,0.171826116822
1.44,-1.8,0.184266645286
1.44,-1.74,0.197155525651
1.44,-1.68,0.210463044308
1.44,-1.62,0.224154474771
1.44,-1.56,0.238190067994
1.44,-1.5,0.252525101354
1.44,-1.44,0.267109989429
1.44,-1.38,0.281890458868
1.44,-1.32,0.296807788731
1.44,-1.26,0.311799116691
1.44,-1.2,0.326797810415
1.44,-1.14,0.341733902349
1.44,-1.08,0.356534584991
1.44,-1.02,0.3711247626
1.44,-0.96,0.385427654176
1.44,-0.9,0.399365441493
1.44,-0.84,0.41285995494
1.44,-0.78,0.425833389044
1.44,-0.72,0.438209038771
1.44,-0.66,0.449912047009
1.44,-0.6,0.460870153193
1.44,-0.54,0.47101443268
1.44,-0.48,0.480280016355
1.44,-0.42,0.48860677998
1.44,-0.36,0.495939993095
1.44,-0.3,0.502230917645
1.44,-0.24,0.507437347223
1.44,-0.18,0.511524078553
1.44,-0.12,0.514463307866
1.44,-0.06,0.516234945918
1.44,0.0,0.51682684666
1.44,0.06,0.516234945918
1.44,0.12,0.514463307866
1.44,0.18,0.511524078553
1.44,0.24,0.507437347223
1.44,0.3,0.502230917645
1.44,0.36,0.495939993095
1.44,0.42,0.48860677998
1.44,0.48,0.480280016355
1.44,0.54,0.47101443268
1.44,0.6,0.460870153193
1.44,0.66,0.449912047009
1.44,0.72,0.438209038771
1.44,0.78,0.425833389044
1.44,0.84,0.41285995494
1.44,0.9,0.399365441493
1.44,0.96,0.385427654176
1.44,1.02,0.3711247626
1.44,1.08,0.356534584991
1.44,1.14,0.341733902349
1.44,1.2,0.326797810415
1.44,1.26,0.311799116691
1.44,1.32,0.296807788731
1.44,1.38,0.281890458868
1.44,1.44,0.267109989429
1.44,1.5,0.252525101354
1.44,1.56,0.238190067994
1.44,1.62,0.224154474771
1.44,1.68,0.210463044308
1.44,1.74,0.197155525651
1.44,1.8,0.184266645286
1.44,1.86,0.171826116822
1.44,1.92,0.159858705517
1.44,1.98,0.148384343211
1.44,2.04,0.137418288726
1.44,2.1,0.126971328474
1.44,2.16,0.117050011714
1.44,2.22,0.107656914809
1.44,2.28,0.098790928788
1.44,2.34,0.090447564609
1.44,2.4,0.082619270684
1.44,2.46,0.075295757488
1.44,2.52,0.06846432439
1.44,2.58,0.06211018422
1.44,2.64,0.05621678154
1.44,2.7,0.050766101001
1.44,2.76,0.045738962693
1.44,2.82,0.041115301854
1.44,2.88,0.036874430815
1.44,2.94,0.032995281512
1.44,3.0,0.029456627386
1.5,-2.94,0.031193654816
1.5,-2.88,0.034860992653
1.5,-2.82,0.038870301295
1.5,-2.76,0.043241498435
1.5,-2.7,0.047994142144
1.5,-2.64,0.053147201595
1.5,-2.58,0.058718809427
1.5,-2.52,0.064725997304
1.5,-2.46,0.071184416696
1.5,-2.4,0.078108047355
1.5,-2.34,0.085508896425
1.5,-2.28,0.093396691597
1.5,-2.22,0.101778572122
1.5,-2.16,0.11065878193
1.5,-2.1,0.120038369439
1.5,-2.04,0.129914898962
1.5,-1.98,0.140282178846
1.5,-1.92,0.151130011646
1.5,-1.86,0.162443971708
1.5,-1.8,0.174205215524
1.5,-1.74,0.186390330081
1.5,-1.68,0.198971224209
1.5,-1.62,0.211915067578
1.5,-1.56,0.22518428154
1.5,-1.5,0.238736585443
1.5,-1.44,0.252525101354
1.5,-1.38,0.266498519387
1.5,-1.32,0.280601324916
1.5,-1.26,0.294774088056
1.5,-1.2,0.30895381477
1.5,-1.14,0.323074357913
1.5,-1.08,0.337066885456
1.5,-1.02,0.350860402079
1.5,-0.96,0.364382319222
1.5,-0.9,0.377559067731
1.5,-0.84,0.390316746255
1.5,-0.78,0.402581797701
1.5,-0.72,0.414281705325
1.5,-0.66,0.425345699404
1.5,-0.6,0.435705464984
1.5,-0.54,0.445295840886
1.5,-0.48,0.454055500012
1.5,-0.42,0.461927601063
1.5,-0.36,0.468860402
1.5,-0.3,0.474807825992
1.5,-0.24,0.479729971209
1.5,-0.18,0.483593556564
1.5,-0.12,0.486372296445
1.5,-0.06,0.488047198531
1.5,0.0,0.48860677998
1.5,0.06,0.488047198531
1.5,0.12,0.486372296445
1.5,0.18,0.483593556564
1.5,0.24,0.479729971209
1.5,0.3,0.474807825992
1.5,0.36,0.468860402
1.5,0.42,0.461927601063
1.5,0.48,0.454055500012
1.5,0.54,0.445295840886
1.5,0.6,0.435705464984
1.5,0.66,0.425345699404
1.5,0.72,0.414281705325
1.5,0.78,0.402581797701
1.5,0.84,0.390316746255
1.5,0.9,0.377559067731
1.5,0.96,0.364382319222
1.5,1.02,0.350860402079
1.5,1.08,0.337066885456
1.5,1.14,0.323074357913
1.5,1.2,0.30895381477
1.5,1.26,0.294774088056
1.5,1.32,0.280601324916
1.5,1.38,0.266498519387
1.5,1.44,0.252525101354
1.5,1.5,0.238736585443
1.5,1.56,0.22518428154
1.5,1.62,0.211915067578
1.5,1.68,0.198971224209
1.5,1.74,0.186390330081
1.5,1.8,0.174205215524
1.5,1.86,0.162443971708
1.5,1.92,0.151130011646
1.5,1.98,0.140282178846
1.5,2.04,0.129914898962
1.5,2.1,0.120038369439
1.5,2.16,0.11065878193
1.5,2.22,0.101778572122
1.5,2.28,0.093396691597
1.5,2.34,0.085508896425
1.5,2.4,0.078108047355
1.5,2.46,0.071184416696
1.5,2.52,0.064725997304
1.5,2.58,0.058718809427
1.5,2.64,0.053147201595
1.5,2.7,0.047994142144
1.5,2.76,0.043241498435
1.5,2.82,0.038870301295
1.5,2.88,0.034860992653
1.5,2.94,0.031193654816
1.5,3.0,0.027848220248
1.56,-2.94,0.02942289191
1.56,-2.88,0.032882046838
1.56,-2.82,0.036663759993
1.56,-2.76,0.040786818408
1.56,-2.7,0.045269669903
1.56,-2.64,0.050130206834
1.56,-2.58,0.055385532507
1.56,-2.52,0.061051711755
1.56,-2.46,0.067143507565
1.56,-2.4,0.073674106101
1.56,-2.34,0.080654832903
1.56,-2.28,0.088094863452
1.56,-2.22,0.096000931726
1.56,-2.16,0.104377040741
1.56,-2.1,0.113224179399
1.56,-2.04,0.122540050281
1.56,-1.98,0.132318813213
1.56,-1.92,0.142550849626
1.56,-1.86,0.153222552764
1.56,-1.8,0.164316148803
1.56,-1.74,0.175809553812
1.56,-1.68,0.187676271266
1.56,-1.62,0.199885334506
1.56,-1.56,0.212401298104
1.56,-1.5,0.22518428154
1.56,-1.44,0.238190067994
1.56,-1.38,0.251370260275
1.56,-1.32,0.264672495141
1.56,-1.26,0.278040716351
1.56,-1.2,0.291415505836
1.56,-1.14,0.304734471408
1.56,-1.08,0.317932688414
1.56,-1.02,0.330943191705
1.56,-0.96,0.34369751334
1.56,-0.9,0.356126260449
1.56,-0.84,0.368159726821
1.56,-0.78,0.37972853096
1.56,-0.72,0.390764272665
1.56,-0.66,0.401200199579
1.56,-0.6,0.41097187477
1.56,-0.54,0.420017836047
1.56,-0.48,0.428280237652
1.56,-0.42,0.435705464984
1.56,-0.36,0.442244713232
1.56,-0.3,0.447854521197
1.56,-0.24,0.452497252148
1.56,-0.18,0.456141514257
1.56,-0.12,0.458762514061
1.56,-0.06,0.460342337373
1.56,0.0,0.460870153193
1.56,0.06,0.460342337373
1.56,0.12,0.458762514061
1.56,0.18,0.456141514257
1.56,0.24,0.452497252148
1.56,0.3,0.447854521197
1.56,0.36,0.442244713232
1.56,0.42,0.435705464984
1.56,0.48,0.428280237652
1.56,0.54,0.420017836047
1.56,0.6,0.41097187477
1.56,0.66,0.401200199579
1.56,0.72,0.390764272665
1.56,0.78,0.37972853096
1.56,0.84,0.368159726821
1.56,0.9,0.356126260449
1.56,0.96,0.34369751334
1.56,1.02,0.330943191705
1.56,1.08,0.317932688414
1.56,1.14,0.304734471408
1.56,1.2,0.291415505836
1.56,1.26,0.278040716351
1.56,1.32,0.264672495141
1.56,1.38,0.251370260275
1.56,1.44,0.238190067994
1.56,1.5,0.22518428154
1.56,1.56,0.212401298104
1.56,1.62,0.199885334506
1.56,1.68,0.187676271266
1.56,1.74,0.175809553812
1.56,1.8,0.164316148803
1.56,1.86,0.153222552764
1.56,1.92,0.142550849626
1.56,1.98,0.132318813213
1.56,2.04,0.122540050281
1.56,2.1,0.113224179399
1.56,2.16,0.104377040741
1.56,2.22,0.096000931726
1.56,2.28,0.088094863452
1.56,2.34,0.080654832903
1.56,2.4,0.073674106101
1.56,2.46,0.067143507565
1.56,2.52,0.061051711755
1.56,2.58,0.055385532507
1.56,2.64,0.050130206834
1.56,2.7,0.045269669903
1.56,2.76,0.040786818408
1.56,2.82,0.036663759993
1.56,2.88,0.032882046838
1.56,2.94,0.02942289191
1.56,3.0,0.026267366843
1.62,-2.94,0.027689117929
1.62,-2.88,0.030944438617
1.62,-2.82,0.03450331046
1.62,-2.76,0.038383413443
1.62,-2.7,0.042602108332
1.62,-2.64,0.047176233156
1.62,-2.58,0.052121883392
1.62,-2.52,0.057454177236
1.62,-2.46,0.06318700775
1.62,-2.4,0.069332784093
1.62,-2.34,0.075902164433
1.62,-2.28,0.082903783576
1.62,-2.22,0.090343978696
1.62,-2.16,0.098226516926
1.62,-2.1,0.106552328896
1.62,-2.04,0.115319252564
1.62,-1.98,0.124521791895
1.62,-1.92,0.134150895103
1.62,-1.86,0.144193757225
1.62,-1.8,0.154633651779
1.62,-1.74,0.16544979615
1.62,-1.68,0.176617255148
1.62,-1.62,0.188106886857
1.62,-1.56,0.199885334506
1.62,-1.5,0.211915067578
1.62,-1.44,0.224154474771
1.62,-1.38,0.236558010749
1.62,-1.32,0.249076397829
1.62,-1.26,0.26165688294
1.62,-1.2,0.274243549283
1.62,-1.14,0.286777681195
1.62,-1.08,0.299198179773
1.62,-1.02,0.31144202586
1.62,-0.96,0.323444786055
1.62,-0.9,0.335141156537
1.62,-0.84,0.346465538602
1.62,-0.78,0.357352639133
1.62,-0.72,0.367738088477
1.62,-0.66,0.377559067731
1.62,-0.6,0.386754936973
1.62,-0.54,0.395267855735
1.62,-0.48,0.40304338688
1.62,-0.42,0.410031075102
1.62,-0.36,0.416184991463
1.62,-0.3,0.42146423576
1.62,-0.24,0.425833389044
1.62,-0.18,0.429262909283
1.62,-0.12,0.431729463995
1.62,-0.06,0.433216194603
1.62,0.0,0.433712908336
1.62,0.06,0.433216194603
1.62,0.12,0.431729463995
1.62,0.18,0.429262909283
1.62,0.24,0.425833389044
1.62,0.3,0.42146423576
1.62,0.36,0.416184991463
1.62,0.42,0.410031075102
1.62,0.48,0.40304338688
1.62,0.54,0.395267855735
1.62,0.6,0.386754936973
1.62,0.66,0.377559067731
1.62,0.72,0.367738088477
1.62,0.78,0.357352639133
1.62,0.84,0.346465538602
1.62,0.9,0.335141156537
1.62,0.96,0.323444786055
1.62,1.02,0.31144202586
1.62,1.08,0.299198179773
1.62,1.14,0.286777681195
1.62,1.2,0.274243549283
1.62,1.26,0.26165688294
1.62,1.32,0.249076397829
1.62,1.38,0.236558010749
1.62,1.44,0.224154474771
1.62,1.5,0.211915067578
1.62,1.56,0.199885334506
1.62,1.62,0.188106886857
1.62,1.68,0.176617255148
1.62,1.74,0.16544979615
1.62,1.8,0.154633651779
1.62,1.86,0.144193757225
1.62,1.92,0.134150895103
1.62,1.98,0.124521791895
1.62,2.04,0.115319252564
1.62,2.1,0.106552328896
1.62,2.16,0.098226516926
1.62,2.22,0.090343978696
1.62,2.28,0.082903783576
1.62,2.34,0.075902164433
1.62,2.4,0.069332784093
1.62,2.46,0.06318700775
1.62,2.52,0.057454177236
1.62,2.58,0.052121883392
1.62,2.64,0.047176233156
1.62,2.7,0.042602108332
1.62,2.76,0.038383413443
1.62,2.82,0.03450331046
1.62,2.88,0.030944438617
1.62,2.94,0.027689117929
1.62,3.0,0.024719535403
1.68,-2.94,0.025997857324
1.68,-2.88,0.029054341933
1.68,-2.82,0.03239583669
1.68,-2.76,0.036038941682
1.68,-2.7,0.039999957273
1.68,-2.64,0.044294693019
1.68,-2.58,0.048938261281
1.68,-2.52,0.05394485683
1.68,-2.46,0.059327524135
1.68,-2.4,0.065097914398
1.68,-2.34,0.071266034784
1.68,-2.28,0.077839992683
1.68,-2.22,0.084825738191
1.68,-2.16,0.092226808343
1.68,-2.1,0.100044076927
1.68,-2.04,0.108275513958
1.68,-1.98,0.116915959102
1.68,-1.92,0.125956913458
1.68,-1.86,0.135386354195
1.68,-1.8,0.14518857649
1.68,-1.74,0.155344067136
1.68,-1.68,0.165829413995
1.68,-1.62,0.176617255148
1.68,-1.56,0.187676271266
1.68,-1.5,0.198971224209
1.68,-1.44,0.210463044308
1.68,-1.38,0.22210896815
1.68,-1.32,0.23386272795
1.68,-1.26,0.245674792813
1.68,-1.2,0.257492661357
1.68,-1.14,0.26926120429
1.68,-1.08,0.280923054651
1.68,-1.02,0.292419042514
1.68,-0.96,0.303688670093
1.68,-0.9,0.314670622344
1.68,-0.84,0.325303307357
1.68,-0.78,0.335525420138
1.68,-0.72,0.345276522754
1.68,-0.66,0.354497633303
1.68,-0.6,0.363131815769
1.68,-0.54,0.3711247626
1.68,-0.48,0.378425361696
1.68,-0.42,0.384986239578
1.68,-0.36,0.390764272665
1.68,-0.3,0.39572105895
1.68,-0.24,0.399823342887
1.68,-0.18,0.40304338688
1.68,-0.12,0.405359283603
1.68,-0.06,0.406755204207
1.68,0.0,0.407221578499
1.68,0.06,0.406755204207
1.68,0.12,0.405359283603
1.68,0.18,0.40304338688
1.68,0.24,0.399823342887
1.68,0.3,0.39572105895
1.68,0.36,0.390764272665
1.68,0.42,0.384986239578
1.68,0.48,0.378425361696
1.68,0.54,0.3711247626
1.68,0.6,0.363131815769
1.68,0.66,0.354497633303
1.68,0.72,0.345276522754
1.68,0.78,0.335525420138
1.68,0.84,0.325303307357
1.68,0.9,0.314670622344
1.68,0.96,0.303688670093
1.68,1.02,0.292419042514
1.68,1.08,0.280923054651
1.68,1.14,0.26926120429
1.68,1.2,0.257492661357
1.68,1.26,0.245674792813
1.68,1.32,0.23386272795
1.68,1.38,0.22210896815
1.68,1.44,0.210463044308
1.68,1.5,0.198971224209
1.68,1.56,0.187676271266
1.68,1.62,0.176617255148
1.68,1.68,0.165829413995
1.68,1.74,0.155344067136
1.68,1.8,0.14518857649
1.68,1.86,0.135386354195
1.68,1.92,0.125956913458
1.68,1.98,0.116915959102
1.68,2.04,0.108275513958
1.68,2.1,0.100044076927
1.68,2.16,0.092226808343
1.68,2.22,0.084825738191
1.68,2.28,0.077839992683
1.68,2.34,0.071266034784
1.68,2.4,0.065097914398
1.68,2.46,0.059327524135
1.68,2.52,0.05394485683
1.68,2.58,0.048938261281
1.68,2.64,0.044294693019
1.68,2.7,0.039999957273
1.68,2.76,0.036038941682
1.68,2.82,0.03239583669
1.68,2.88,0.029054341933
1.68,2.94,0.025997857324
1.68,3.0,0.023209657894
1.74,-2.94,0.024354020172
1.74,-2.88,0.027217244125
1.74,-2.82,0.030347457116
1.74,-2.76,0.033760209611
1.74,-2.7,0.037470771309
1.74,-2.64,0.041493952131
1.74,-2.58,0.045843908887
1.74,-2.52,0.050533938818
1.74,-2.46,0.055576261594
1.74,-2.4,0.060981791716
1.74,-2.34,0.066759903598
1.74,-2.28,0.072918192002
1.74,-2.22,0.079462230801
1.74,-2.16,0.086395333384
1.74,-2.1,0.09371831829
1.74,-2.04,0.101429283891
1.74,-1.98,0.109523396136
1.74,-1.92,0.11799269351
1.74,-1.86,0.126825913381
1.74,-1.8,0.136008343938
1.74,-1.74,0.145521705788
1.74,-1.68,0.155344067136
1.74,-1.62,0.16544979615
1.74,-1.56,0.175809553812
1.74,-1.5,0.186390330081
1.74,-1.44,0.197155525651
1.74,-1.38,0.208065081029
1.74,-1.32,0.219075653927
1.74,-1.26,0.230140845276
1.74,-1.2,0.24121147334
1.74,-1.14,0.252235894638
1.74,-1.08,0.263160369506
1.74,-1.02,0.273929469313
1.74,-0.96,0.284486521534
1.74,-0.9,0.294774088056
1.74,-0.84,0.304734471408
1.74,-0.78,0.314310242894
1.74,-0.72,0.323444786055
1.74,-0.66,0.332082848397
1.74,-0.6,0.340171093952
1.74,-0.54,0.347658649019
1.74,-0.48,0.354497633303
1.74,-0.42,0.360643668736
1.74,-0.36,0.366056358428
1.74,-0.3,0.370699728521
1.74,-0.24,0.374542626207
1.74,-0.18,0.377559067731
1.74,-0.12,0.37972853096
1.74,-0.06,0.3810361879
1.74,0.0,0.381473073478
1.74,0.06,0.3810361879
1.74,0.12,0.37972853096
1.74,0.18,0.377559067731
1.74,0.24,0.374542626207
1.74,0.3,0.370699728521
1.74,0.36,0.366056358428
1.74,0.42,0.360643668736
1.74,0.48,0.354497633303
1.74,0.54,0.347658649019
1.74,0.6,0.340171093952
1.74,0.66,0.332082848397
1.74,0.72,0.323444786055
1.74,0.78,0.314310242894
1.74,0.84,0.304734471408
1.74,0.9,0.294774088056
1.74,0.96,0.284486521534
1.74,1.02,0.273929469313
1.74,1.08,0.263160369506
1.74,1.14,0.252235894638
1.74,1.2,0.24121147334
1.74,1.26,0.230140845276
1.74,1.32,0.219075653927
1.74,1.38,0.208065081029
1.74,1.44,0.197155525651
1.74,1.5,0.186390330081
1.74,1.56,0.175809553812
1.74,1.62,0.16544979615
1.74,1.68,0.155344067136
1.74,1.74,0.145521705788
1.74,1.8,0.136008343938
1.74,1.86,0.126825913381
1.74,1.92,0.11799269351
1.74,1.98,0.109523396136
1.74,2.04,0.101429283891
1.74,2.1,0.09371831829
1.74,2.16,0.086395333384
1.74,2.22,0.079462230801
1.74,2.28,0.072918192002
1.74,2.34,0.066759903598
1.74,2.4,0.060981791716
1.74,2.46,0.055576261594
1.74,2.52,0.050533938818
1.74,2.58,0.045843908887
1.74,2.64,0.041493952131
1.74,2.7,0.037470771309
1.74,2.76,0.033760209611
1.74,2.82,0.030347457116
1.74,2.88,0.027217244125
1.74,2.94,0.024354020172
1.74,3.0,0.021742117801
1.8,-2.94,0.02276189613
1.8,-2.88,0.025437939172
1.8,-2.82,0.028363517062
1.8,-2.76,0.03155316367
1.8,-2.7,0.035021150447
1.8,-2.64,0.038781319131
1.8,-2.58,0.042846901042
1.8,-2.52,0.047230324123
1.8,-2.46,0.051943009194
1.8,-2.4,0.056995157229
1.8,-2.34,0.062395529798
1.8,-2.28,0.068151225162
1.8,-2.22,0.074267452805
1.8,-2.16,0.080747309509
1.8,-2.1,0.087591560298
1.8,-2.04,0.094798427863
1.8,-1.98,0.102363394177
1.8,-1.92,0.1102790182
1.8,-1.86,0.118534773585
1.8,-1.8,0.127116910295
1.8,-1.74,0.136008343938
1.8,-1.68,0.14518857649
1.8,-1.62,0.154633651779
1.8,-1.56,0.164316148803
1.8,-1.5,0.174205215524
1.8,-1.44,0.184266645286
1.8,-1.38,0.194462997452
1.8,-1.32,0.204753763202
1.8,-1.26,0.215095576765
1.8,-1.2,0.225442471623
1.8,-1.14,0.235746180444
1.8,-1.08,0.245956476751
1.8,-1.02,0.256021555514
1.8,-0.96,0.265888449127
1.8,-0.9,0.275503474447
1.8,-0.84,0.284812705928
1.8,-0.78,0.293762469228
1.8,-0.72,0.302299849141
1.8,-0.66,0.310373205261
1.8,-0.6,0.317932688414
1.8,-0.54,0.324930750726
1.8,-0.48,0.331322642036
1.8,-0.42,0.337066885456
1.8,-0.36,0.34212572501
1.8,-0.3,0.346465538602
1.8,-0.24,0.350057210012
1.8,-0.18,0.352876454152
1.8,-0.12,0.354904090506
1.8,-0.06,0.356126260449
1.8,0.0,0.356534584991
1.8,0.06,0.356126260449
1.8,0.12,0.354904090506
1.8,0.18,0.352876454152
1.8,0.24,0.350057210012
1.8,0.3,0.346465538602
1.8,0.36,0.34212572501
1.8,0.42,0.337066885456
1.8,0.48,0.331322642036
1.8,0.54,0.324930750726
1.8,0.6,0.317932688414
1.8,0.66,0.310373205261
1.8,0.72,0.302299849141
1.8,0.78,0.293762469228
1.8,0.84,0.284812705928
1.8,0.9,0.275503474447
1.8,0.96,0.265888449127
1.8,1.02,0.256021555514
1.8,1.08,0.245956476751
1.8,1.14,0.235746180444
1.8,1.2,0.225442471623
1.8,1.26,0.215095576765
1.8,1.32,0.204753763202
1.8,1.38,0.194462997452
1.8,1.44,0.184266645286
1.8,1.5,0.174205215524
1.8,1.56,0.164316148803
1.8,1.62,0.154633651779
1.8,1.68,0.14518857649
1.8,1.74,0.136008343938
1.8,1.8,0.127116910295
1.8,1.86,0.118534773585
1.8,1.92,0.1102790182
1.8,1.98,0.102363394177
1.8,2.04,0.094798427863
1.8,2.1,0.087591560298
1.8,2.16,0.080747309509
1.8,2.22,0.074267452805
1.8,2.28,0.068151225162
1.8,2.34,0.062395529798
1.8,2.4,0.056995157229
1.8,2.46,0.051943009194
1.8,2.52,0.047230324123
1.8,2.58,0.042846901042
1.8,2.64,0.038781319131
1.8,2.7,0.035021150447
1.8,2.76,0.03155316367
1.8,2.82,0.028363517062
1.8,2.88,0.025437939172
1.8,2.94,0.02276189613
1.8,3.0,0.020320744729
1.86,-2.94,0.021225155629
1.86,-2.88,0.023720529025
1.86,-2.82,0.026448590241
1.86,-2.76,0.02942289191
1.86,-2.7,0.032656741966
1.86,-2.64,0.036163047638
1.86,-2.58,0.039954146951
1.86,-2.52,0.044041628791
1.86,-2.46,0.048436142916
1.86,-2.4,0.053147201595
1.86,-2.34,0.058182974871
1.86,-2.28,0.063550081774
1.86,-2.22,0.069253380078
1.86,-2.16,0.075295757488
1.86,-2.1,0.081677927381
1.86,-2.04,0.088398232438
1.86,-1.98,0.095452459661
1.86,-1.92,0.102833670384
1.86,-1.86,0.110532048933
1.86,-1.8,0.118534773585
1.86,-1.74,0.126825913381
1.86,-1.68,0.135386354195
1.86,-1.62,0.144193757225
1.86,-1.56,0.153222552764
1.86,-1.5,0.162443971708
1.86,-1.44,0.171826116822
1.86,-1.38,0.181334075225
1.86,-1.32,0.190930072998
1.86,-1.26,0.200573672157
1.86,-1.2,0.210222009553
1.86,-1.14,0.219830076563
1.86,-1.08,0.229351037686
1.86,-1.02,0.238736585443
1.86,-0.96,0.247937328268
1.86,-0.9,0.256903207369
1.86,-0.84,0.265583937913
1.86,-0.78,0.273929469313
1.86,-0.72,0.281890458868
1.86,-0.66,0.289418752605
1.86,-0.6,0.296467866857
1.86,-0.54,0.302993463882
1.86,-0.48,0.30895381477
1.86,-0.42,0.314310242894
1.86,-0.36,0.319027541322
1.86,-0.3,0.323074357913
1.86,-0.24,0.32642354219
1.86,-0.18,0.329052448643
1.86,-0.12,0.330943191705
1.86,-0.06,0.332082848397
1.86,0.0,0.332463605426
1.86,0.06,0.332082848397
1.86,0.12,0.330943191705
1.86,0.18,0.329052448643
1.86,0.24,0.32642354219
1.86,0.3,0.323074357913
1.86,0.36,0.319027541322
1.86,0.42,0.314310242894
1.86,0.48,0.30895381477
1.86,0.54,0.302993463882
1.86,0.6,0.296467866857
1.86,0.66,0.289418752605
1.86,0.72,0.281890458868
1.86,0.78,0.273929469313
1.86,0.84,0.265583937913
1.86,0.9,0.256903207369
1.86,0.96,0.247937328268
1.86,1.02,0.238736585443
1.86,1.08,0.229351037686
1.86,1.14,0.219830076563
1.86,1.2,0.210222009553
1.86,1.26,0.200573672157
1.86,1.32,0.190930072998
1.86,1.38,0.181334075225
1.86,1.44,0.171826116822
1.86,1.5,0.162443971708
1.86,1.56,0.153222552764
1.86,1.62,0.144193757225
1.86,1.68,0.135386354195
1.86,1.74,0.126825913381
1.86,1.8,0.118534773585
1.86,1.86,0.110532048933
1.86,1.92,0.102833670384
1.86,1.98,0.095452459661
1.86,2.04,0.088398232438
1.86,2.1,0.081677927381
1.86,2.16,0.075295757488
1.86,2.22,0.069253380078
1.86,2.28,0.063550081774
1.86,2.34,0.058182974871
1.86,2.4,0.053147201595
1.86,2.46,0.048436142916
1.86,2.52,0.044041628791
1.86,2.58,0.039954146951
1.86,2.64,0.036163047638
1.86,2.7,0.032656741966
1.86,2.76,0.02942289191
1.86,2.82,0.026448590241
1.86,2.88,0.023720529025
1.86,2.94,0.021225155629
1.86,3.0,0.018948815464
1.92,-2.94,0.019746857847
1.92,-2.88,0.022068432519
1.92,-2.82,0.024606488681
1.92,-2.76,0.027373635046
1.92,-2.7,0.030382252673
1.92,-2.64,0.033644349822
1.92,-2.58,0.037171405196
1.92,-2.52,0.040974200532
1.92,-2.46,0.045062643852
1.92,-2.4,0.049445584909
1.92,-2.34,0.054130624716
1.92,-2.28,0.059123921298
1.92,-2.22,0.064429994094
1.92,-2.16,0.070051529684
1.92,-2.1,0.07598919176
1.92,-2.04,0.082241438432
1.92,-1.98,0.088804350131
1.92,-1.92,0.095671471458
1.92,-1.86,0.102833670384
1.92,-1.8,0.1102790182
1.92,-1.74,0.11799269351
1.92,-1.68,0.125956913458
1.92,-1.62,0.134150895103
1.92,-1.56,0.142550849626
1.92,-1.5,0.151130011646
1.92,-1.44,0.159858705517
1.92,-1.38,0.168704449986
1.92,-1.32,0.177632102025
1.92,-1.26,0.18660404009
1.92,-1.2,0.195580386381
1.92,-1.14,0.204519267054
1.92,-1.08,0.213377108624
1.92,-1.02,0.22210896815
1.92,-0.96,0.23066889411
1.92,-0.9,0.239010314223
1.92,-0.84,0.247086445916
1.92,-0.78,0.254850724543
1.92,-0.72,0.262257244043
1.92,-0.66,0.26926120429
1.92,-0.6,0.275819359128
1.92,-0.54,0.281890458868
1.92,-0.48,0.287435680951
1.92,-0.42,0.292419042514
1.92,-0.36,0.296807788731
1.92,-0.3,0.300572751087
1.92,-0.24,0.303688670093
1.92,-0.18,0.306134477461
1.92,-0.12,0.307893533325
1.92,-0.06,0.30895381477
1.92,0.0,0.309308052688
1.92,0.06,0.30895381477
1.92,0.12,0.307893533325
1.92,0.18,0.306134477461
1.92,0.24,0.303688670093
1.92,0.3,0.300572751087
1.92,0.36,0.296807788731
1.92,0.42,0.292419042514
1.92,0.48,0.287435680951
1.92,0.54,0.281890458868
1.92,0.6,0.275819359128
1.92,0.66,0.26926120429
1.92,0.72,0.262257244043
1.92,0.78,0.254850724543
1.92,0.84,0.247086445916
1.92,0.9,0.239010314223
1.92,0.96,0.23066889411
1.92,1.02,0.22210896815
1.92,1.08,0.213377108624
1.92,1.14,0.204519267054
1.92,1.2,0.195580386381
1.92,1.26,0.18660404009
1.92,1.32,0.177632102025
1.92,1.38,0.168704449986
1.92,1.44,0.159858705517
1.92,1.5,0.151130011646
1.92,1.56,0.142550849626
1.92,1.62,0.134150895103
1.92,1.68,0.125956913458
1.92,1.74,0.11799269351
1.92,1.8,0.1102790182
1.92,1.86,0.102833670384
1.92,1.92,0.095671471458
1.92,1.98,0.088804350131
1.92,2.04,0.082241438432
1.92,2.1,0.07598919176
1.92,2.16,0.070051529684
1.92,2.22,0.064429994094
1.92,2.28,0.059123921298
1.92,2.34,0.054130624716
1.92,2.4,0.049445584909
1.92,2.46,0.045062643852
1.92,2.52,0.040974200532
1.92,2.58,0.037171405196
1.92,2.64,0.033644349822
1.92,2.7,0.030382252673
1.92,2.76,0.027373635046
1.92,2.82,0.024606488681
1.92,2.88,0.022068432519
1.92,2.94,0.019746857847
1.92,3.0,0.017629061095
1.98,-2.94,0.018329464902
1.98,-2.88,0.020484401237
1.98,-2.82,0.02284028042
1.98,-2.76,0.025408806136
1.98,-2.7,0.028201470752
1.98,-2.64,0.0312294206
1.98,-2.58,0.03450331046
1.98,-2.52,0.038033148179
1.98,-2.46,0.041828130596
1.98,-2.4,0.045896472248
1.98,-2.34,0.05024522856
1.98,-2.28,0.054880115546
1.98,-2.22,0.059805328248
1.98,-2.16,0.065023360407
1.98,-2.1,0.070534828078
1.98,-2.04,0.076338300044
1.98,-1.98,0.082430138076
1.98,-1.92,0.088804350131
1.98,-1.86,0.095452459661
1.98,-1.8,0.102363394177
1.98,-1.74,0.109523396136
1.98,-1.68,0.116915959102
1.98,-1.62,0.124521791895
1.98,-1.56,0.132318813213
1.98,-1.5,0.140282178846
1.98,-1.44,0.148384343211
1.98,-1.38,0.156595156497
1.98,-1.32,0.164881998179
1.98,-1.26,0.173209947119
1.98,-1.2,0.181541987871
1.98,-1.14,0.189839252217
1.98,-1.08,0.198061294296
1.98,-1.02,0.206166397091
1.98,-0.96,0.214111907392
1.98,-0.9,0.221854595793
1.98,-0.84,0.229351037686
1.98,-0.78,0.236558010749
1.98,-0.72,0.243432903974
1.98,-0.66,0.249934132904
1.98,-0.6,0.256021555514
1.98,-0.54,0.26165688294
1.98,-0.48,0.266804079235
1.98,-0.42,0.271429744319
1.98,-0.36,0.275503474447
1.98,-0.3,0.278998194767
1.98,-0.24,0.281890458868
1.98,-0.18,0.284160710705
1.98,-0.12,0.285793504792
1.98,-0.06,0.286777681195
1.98,0.0,0.28710649257
1.98,0.06,0.286777681195
1.98,0.12,0.285793504792
1.98,0.18,0.284160710705
1.98,0.24,0.281890458868
1.98,0.3,0.278998194767
1.98,0.36,0.275503474447
1.98,0.42,0.271429744319
1.98,0.48,0.266804079235
1.98,0.54,0.26165688294
1.98,0.6,0.256021555514
1.98,0.66,0.249934132904
1.98,0.72,0.243432903974
1.98,0.78,0.236558010749
1.98,0.84,0.229351037686
1.98,0.9,0.221854595793
1.98,0.96,0.214111907392
1.98,1.02,0.206166397091
1.98,1.08,0.198061294296
1.98,1.14,0.189839252217
1.98,1.2,0.181541987871
1.98,1.26,0.173209947119
1.98,1.32,0.164881998179
1.98,1.38,0.156595156497
1.98,1.44,0.148384343211
1.98,1.5,0.140282178846
1.98,1.56,0.132318813213
1.98,1.62,0.124521791895
1.98,1.68,0.116915959102
1.98,1.74,0.109523396136
1.98,1.8,0.102363394177
1.98,1.86,0.095452459661
1.98,1.92,0.088804350131
1.98,1.98,0.082430138076
1.98,2.04,0.076338300044
1.98,2.1,0.070534828078
1.98,2.16,0.065023360407
1.98,2.22,0.059805328248
1.98,2.28,0.054880115546
1.98,2.34,0.05024522856
1.98,2.4,0.045896472248
1.98,2.46,0.041828130596
1.98,2.52,0.038033148179
1.98,2.58,0.03450331046
1.98,2.64,0.0312294206
1.98,2.7,0.028201470752
1.98,2.76,0.025408806136
1.98,2.82,0.02284028042
1.98,2.88,0.020484401237
1.98,2.94,0.018329464902
1.98,3.0,0.016363679685
2.04,-2.94,0.016974861671
2.04,-2.88,0.018970541653
2.04,-2.82,0.021152314196
2.04,-2.76,0.023531018045
2.04,-2.7,0.026117296249
2.04,-2.64,0.028921471389
2.04,-2.58,0.031953410826
2.04,-2.52,0.035222382796
2.04,-2.46,0.038736904466
2.04,-2.4,0.042504583289
2.04,-2.34,0.046531953277
2.04,-2.28,0.050824308012
2.04,-2.22,0.055385532507
2.04,-2.16,0.060217936212
2.04,-2.1,0.065322089651
2.04,-2.04,0.070696667379
2.04,-1.98,0.076338300044
2.04,-1.92,0.082241438432
2.04,-1.86,0.088398232438
2.04,-1.8,0.094798427863
2.04,-1.74,0.101429283891
2.04,-1.68,0.108275513958
2.04,-1.62,0.115319252564
2.04,-1.56,0.122540050281
2.04,-1.5,0.129914898962
2.04,-1.44,0.137418288726
2.04,-1.38,0.145022297925
2.04,-1.32,0.152696716791
2.04,-1.26,0.160409204963
2.04,-1.2,0.16812548255
2.04,-1.14,0.175809553812
2.04,-1.08,0.183423961963
2.04,-1.02,0.190930072998
2.04,-0.96,0.19828838591
2.04,-0.9,0.205458866078
2.04,-0.84,0.212401298104
2.04,-0.78,0.219075653927
2.04,-0.72,0.225442471623
2.04,-0.66,0.231463239953
2.04,-0.6,0.237100783508
2.04,-0.54,0.242319643089
2.04,-0.48,0.247086445916
2.04,-0.42,0.251370260275
2.04,-0.36,0.255142929351
2.04,-0.3,0.258379379204
2.04,-0.24,0.261057896187
2.04,-0.18,0.263160369506
2.04,-0.12,0.264672495141
2.04,-0.06,0.265583937913
2.04,0.0,0.265888449127
2.04,0.06,0.265583937913
2.04,0.12,0.264672495141
2.04,0.18,0.263160369506
2.04,0.24,0.261057896187
2.04,0.3,0.258379379204
2.04,0.36,0.255142929351
2.04,0.42,0.251370260275
2.04,0.48,0.247086445916
2.04,0.54,0.242319643089
2.04,0.6,0.237100783508
2.04,0.66,0.231463239953
2.04,0.72,0.225442471623
2.04,0.78,0.219075653927
2.04,0.84,0.212401298104
2.04,0.9,0.205458866078
2.04,0.96,0.19828838591
2.04,1.02,0.190930072998
2.04,1.08,0.183423961963
2.04,1.14,0.175809553812
2.04,1.2,0.16812548255
2.04,1.26,0.160409204963
2.04,1.32,0.152696716791
2.04,1.38,0.145022297925
2.04,1.44,0.137418288726
2.04,1.5,0.129914898962
2.04,1.56,0.122540050281
2.04,1.62,0.115319252564
2.04,1.68,0.108275513958
2.04,1.74,0.101429283891
2.04,1.8,0.094798427863
2.04,1.86,0.088398232438
2.04,1.92,0.082241438432
2.04,1.98,0.076338300044
2.04,2.04,0.070696667379
2.04,2.1,0.065322089651
2.04,2.16,0.060217936212
2.04,2.22,0.055385532507
2.04,2.28,0.050824308012
2.04,2.34,0.046531953277
2.04,2.4,0.042504583289
2.04,2.46,0.038736904466
2.04,2.52,0.035222382796
2.04,2.58,0.031953410826
2.04,2.64,0.028921471389
2.04,2.7,0.026117296249
2.04,2.76,0.023531018045
2.04,2.82,0.021152314196
2.04,2.88,0.018970541653
2.04,2.94,0.016974861671
2.04,3.0,0.015154353963
2.1,-2.94,0.015684380565
2.1,-2.88,0.017528342827
2.1,-2.82,0.019544250322
2.1,-2.76,0.021742117801
2.1,-2.7,0.024131779194
2.1,-2.64,0.02672277233
2.1,-2.58,0.029524214422
2.1,-2.52,0.032544669106
2.1,-2.46,0.035792006046
2.1,-2.4,0.039273254357
2.1,-2.34,0.042994451313
2.1,-2.28,0.04696048806
2.1,-2.22,0.051174954265
2.1,-2.16,0.055639983802
2.1,-2.1,0.060356103824
2.1,-2.04,0.065322089651
2.1,-1.98,0.070534828078
2.1,-1.92,0.07598919176
2.1,-1.86,0.081677927381
2.1,-1.8,0.087591560298
2.1,-1.74,0.09371831829
2.1,-1.68,0.100044076927
2.1,-1.62,0.106552328896
2.1,-1.56,0.113224179399
2.1,-1.5,0.120038369439
2.1,-1.44,0.126971328474
2.1,-1.38,0.133997257546
2.1,-1.32,0.141088243525
2.1,-1.26,0.148214404665
2.1,-1.2,0.155344067136
2.1,-1.14,0.162443971708
2.1,-1.08,0.169479509171
2.1,-1.02,0.176414982598
2.1,-0.96,0.183213893969
2.1,-0.9,0.189839252217
2.1,-0.84,0.196253899243
2.1,-0.78,0.202420850044
2.1,-0.72,0.208303642709
2.1,-0.66,0.213866693743
2.1,-0.6,0.219075653927
2.1,-0.54,0.223897759779
2.1,-0.48,0.228302175618
2.1,-0.42,0.232260321256
2.1,-0.36,0.235746180444
2.1,-0.3,0.238736585443
2.1,-0.24,0.24121147334
2.1,-0.18,0.243154110181
2.1,-0.12,0.244551279383
2.1,-0.06,0.245393431477
2.1,0.0,0.245674792813
2.1,0.06,0.245393431477
2.1,0.12,0.244551279383
2.1,0.18,0.243154110181
2.1,0.24,0.24121147334
2.1,0.3,0.238736585443
2.1,0.36,0.235746180444
2.1,0.42,0.232260321256
2.1,0.48,0.228302175618
2.1,0.54,0.223897759779
2.1,0.6,0.219075653927
2.1,0.66,0.213866693743
2.1,0.72,0.208303642709
2.1,0.78,0.202420850044
2.1,0.84,0.196253899243
2.1,0.9,0.189839252217
2.1,0.96,0.183213893969
2.1,1.02,0.176414982598
2.1,1.08,0.169479509171
2.1,1.14,0.162443971708
2.1,1.2,0.155344067136
2.1,1.26,0.148214404665
2.1,1.32,0.141088243525
2.1,1.38,0.133997257546
2.1,1.44,0.126971328474
2.1,1.5,0.120038369439
2.1,1.56,0.113224179399
2.1,1.62,0.106552328896
2.1,1.68,0.100044076927
2.1,1.74,0.09371831829
2.1,1.8,0.087591560298
2.1,1.86,0.081677927381
2.1,1.92,0.07598919176
2.1,1.98,0.070534828078
2.1,2.04,0.065322089651
2.1,2.1,0.060356103824
2.1,2.16,0.055639983802
2.1,2.22,0.051174954265
2.1,2.28,0.04696048806
2.1,2.34,0.042994451313
2.1,2.4,0.039273254357
2.1,2.46,0.035792006046
2.1,2.52,0.032544669106
2.1,2.58,0.029524214422
2.1,2.64,0.02672277233
2.1,2.7,0.024131779194
2.1,2.76,0.021742117801
2.1,2.82,0.019544250322
2.1,2.88,0.017528342827
2.1,2.94,0.015684380565
2.1,3.0,0.014002273444
2.16,-2.94,0.014458830596
2.16,-2.88,0.016158708883
2.16,-2.82,0.018017096904
2.16,-2.76,0.020043226876
2.16,-2.7,0.022246164322
2.16,-2.64,0.024634701802
2.16,-2.58,0.027217244125
2.16,-2.52,0.030001685781
2.16,-2.46,0.032995281512
2.16,-2.4,0.03620451119
2.16,-2.34,0.039634940346
2.16,-2.28,0.043291077944
2.16,-2.22,0.047176233156
2.16,-2.16,0.051292373121
2.16,-2.1,0.055639983802
2.16,-2.04,0.060217936212
2.16,-1.98,0.065023360407
2.16,-1.92,0.070051529684
2.16,-1.86,0.075295757488
2.16,-1.8,0.080747309509
2.16,-1.74,0.086395333384
2.16,-1.68,0.092226808343
2.16,-1.62,0.098226516926
2.16,-1.56,0.104377040741
2.16,-1.5,0.11065878193
2.16,-1.44,0.117050011714
2.16,-1.38,0.123526947019
2.16,-1.32,0.1300638558
2.16,-1.26,0.136633191215
2.16,-1.2,0.143205754374
2.16,-1.14,0.149750884864
2.16,-1.08,0.156236677778
2.16,-1.02,0.162630225483
2.16,-0.96,0.168897881852
2.16,-0.9,0.175005546235
2.16,-0.84,0.180918964001
2.16,-0.78,0.18660404009
2.16,-0.72,0.192027161661
2.16,-0.66,0.197155525651
2.16,-0.6,0.201957466829
2.16,-0.54,0.206402781792
2.16,-0.48,0.210463044308
2.16,-0.42,0.214111907392
2.16,-0.36,0.217325387662
2.16,-0.3,0.220082127662
2.16,-0.24,0.222363632163
2.16,-0.18,0.224154474771
2.16,-0.12,0.225442471623
2.16,-0.06,0.226218819431
2.16,0.0,0.226478195686
2.16,0.06,0.226218819431
2.16,0.12,0.225442471623
2.16,0.18,0.224154474771
2.16,0.24,0.222363632163
2.16,0.3,0.220082127662
2.16,0.36,0.217325387662
2.16,0.42,0.214111907392
2.16,0.48,0.210463044308
2.16,0.54,0.206402781792
2.16,0.6,0.201957466829
2.16,0.66,0.197155525651
2.16,0.72,0.192027161661
2.16,0.78,0.18660404009
2.16,0.84,0.180918964001
2.16,0.9,0.175005546235
2.16,0.96,0.168897881852
2.16,1.02,0.162630225483
2.16,1.08,0.156236677778
2.16,1.14,0.149750884864
2.16,1.2,0.143205754374
2.16,1.26,0.136633191215
2.16,1.32,0.1300638558
2.16,1.38,0.123526947019
2.16,1.44,0.117050011714
2.16,1.5,0.11065878193
2.16,1.56,0.104377040741
2.16,1.62,0.098226516926
2.16,1.68,0.092226808343
2.16,1.74,0.086395333384
2.16,1.8,0.080747309509
2.16,1.86,0.075295757488
2.16,1.92,0.070051529684
2.16,1.98,0.065023360407
2.16,2.04,0.060217936212
2.16,2.1,0.055639983802
2.16,2.16,0.051292373121
2.16,2.22,0.047176233156
2.16,2.28,0.043291077944
2.16,2.34,0.039634940346
2.16,2.4,0.03620451119
2.16,2.46,0.032995281512
2.16,2.52,0.030001685781
2.16,2.58,0.027217244125
2.16,2.64,0.024634701802
2.16,2.7,0.022246164322
2.16,2.76,0.020043226876
2.16,2.82,0.018017096904
2.16,2.88,0.016158708883
2.16,2.94,0.014458830596
2.16,3.0,0.012908160372
2.22,-2.94,0.013298530012
2.22,-2.88,0.014861995485
2.22,-2.82,0.016571250512
2.22,-2.76,0.018434786436
2.22,-2.7,0.020460941286
2.22,-2.64,0.022657802031
2.22,-2.58,0.025033099008
2.22,-2.52,0.027594093183
2.22,-2.46,0.030347457116
2.22,-2.4,0.033299150678
2.22,-2.34,0.036454292775
2.22,-2.28,0.039817030532
2.22,-2.22,0.043390407566
2.22,-2.16,0.047176233156
2.22,-2.1,0.051174954265
2.22,-2.04,0.055385532507
2.22,-1.98,0.059805328248
2.22,-1.92,0.064429994094
2.22,-1.86,0.069253380078
2.22,-1.8,0.074267452805
2.22,-1.74,0.079462230801
2.22,-1.68,0.084825738191
2.22,-1.62,0.090343978696
2.22,-1.56,0.096000931726
2.22,-1.5,0.101778572122
2.22,-1.44,0.107656914809
2.22,-1.38,0.113614085271
2.22,-1.32,0.119626416423
2.22,-1.26,0.125668572018
2.22,-1.2,0.131713696335
2.22,-1.14,0.137733589415
2.22,-1.08,0.143698906675
2.22,-1.02,0.149579381273
2.22,-0.96,0.155344067136
2.22,-0.9,0.160961600142
2.22,-0.84,0.166400474546
2.22,-0.78,0.171629331367
2.22,-0.72,0.176617255148
2.22,-0.66,0.181334075225
2.22,-0.6,0.185750667455
2.22,-0.54,0.189839252217
2.22,-0.48,0.193573684443
2.22,-0.42,0.196929731456
2.22,-0.36,0.199885334506
2.22,-0.3,0.202420850044
2.22,-0.24,0.204519267054
2.22,-0.18,0.206166397091
2.22,-0.12,0.207351034028
2.22,-0.06,0.208065081029
2.22,0.0,0.208303642709
2.22,0.06,0.208065081029
2.22,0.12,0.207351034028
2.22,0.18,0.206166397091
2.22,0.24,0.204519267054
2.22,0.3,0.202420850044
2.22,0.36,0.199885334506
2.22,0.42,0.196929731456
2.22,0.48,0.193573684443
2.22,0.54,0.189839252217
2.22,0.6,0.185750667455
2.22,0.66,0.181334075225
2.22,0.72,0.176617255148
2.22,0.78,0.171629331367
2.22,0.84,0.166400474546
2.22,0.9,0.160961600142
2.22,0.96,0.155344067136
2.22,1.02,0.149579381273
2.22,1.08,0.143698906675
2.22,1.14,0.137733589415
2.22,1.2,0.131713696335
2.22,1.26,0.125668572018
2.22,1.32,0.119626416423
2.22,1.38,0.113614085271
2.22,1.44,0.107656914809
2.22,1.5,0.101778572122
2.22,1.56,0.096000931726
2.22,1.62,0.090343978696
2.22,1.68,0.084825738191
2.22,1.74,0.079462230801
2.22,1.8,0.074267452805
2.22,1.86,0.069253380078
2.22,1.92,0.064429994094
2.22,1.98,0.059805328248
2.22,2.04,0.055385532507
2.22,2.1,0.051174954265
2.22,2.16,0.047176233156
2.22,2.22,0.043390407566
2.22,2.28,0.039817030532
2.22,2.34,0.036454292775
2.22,2.4,0.033299150678
2.22,2.46,0.030347457116
2.22,2.52,0.027594093183
2.22,2.58,0.025033099008
2.22,2.64,0.022657802031
2.22,2.7,0.020460941286
2.22,2.76,0.018434786436
2.22,2.82,0.016571250512
2.22,2.88,0.014861995485
2.22,2.94,0.013298530012
2.22,3.0,0.011872298868
2.28,-2.94,0.012203341826
2.28,-2.88,0.013638049541
2.28,-2.82,0.015206540445
2.28,-2.76,0.016916606585
2.28,-2.7,0.01877589932
2.28,-2.64,0.020791839623
2.28,-2.58,0.022971521205
2.28,-2.52,0.025321607064
2.28,-2.46,0.027848220248
2.28,-2.4,0.030556829807
2.28,-2.34,0.033452133084
2.28,-2.28,0.036537935671
2.28,-2.22,0.039817030532
2.28,-2.16,0.043291077944
2.28,-2.1,0.04696048806
2.28,-2.04,0.050824308012
2.28,-1.98,0.054880115546
2.28,-1.92,0.059123921298
2.28,-1.86,0.063550081774
2.28,-1.8,0.068151225162
2.28,-1.74,0.072918192002
2.28,-1.68,0.077839992683
2.28,-1.62,0.082903783576
2.28,-1.56,0.088094863452
2.28,-1.5,0.093396691597
2.28,-1.44,0.098790928788
2.28,-1.38,0.104257501966
2.28,-1.32,0.109774693126
2.28,-1.26,0.115319252564
2.28,-1.2,0.120866536238
2.28,-1.14,0.12639066657
2.28,-1.08,0.131864715624
2.28,-1.02,0.137260909155
2.28,-0.96,0.142550849626
2.28,-0.9,0.147705755877
2.28,-0.84,0.152696716791
2.28,-0.78,0.157494955927
2.28,-0.72,0.162072103841
2.28,-0.66,0.166400474546
2.28,-0.6,0.170453342393
2.28,-0.54,0.174205215524
2.28,-0.48,0.177632102025
2.28,-0.42,0.180711764879
2.28,-0.36,0.183423961963
2.28,-0.3,0.185750667455
2.28,-0.24,0.187676271266
2.28,-0.18,0.189187753426
2.28,-0.12,0.19027483068
2.28,-0.06,0.190930072998
2.28,0.0,0.191148988151
2.28,0.06,0.190930072998
2.28,0.12,0.19027483068
2.28,0.18,0.189187753426
2.28,0.24,0.187676271266
2.28,0.3,0.185750667455
2.28,0.36,0.183423961963
2.28,0.42,0.180711764879
2.28,0.48,0.177632102025
2.28,0.54,0.174205215524
2.28,0.6,0.170453342393
2.28,0.66,0.166400474546
2.28,0.72,0.162072103841
2.28,0.78,0.157494955927
2.28,0.84,0.152696716791
2.28,0.9,0.147705755877
2.28,0.96,0.142550849626
2.28,1.02,0.137260909155
2.28,1.08,0.131864715624
2.28,1.14,0.12639066657
2.28,1.2,0.120866536238
2.28,1.26,0.115319252564
2.28,1.32,0.109774693126
2.28,1.38,0.104257501966
2.28,1.44,0.098790928788
2.28,1.5,0.093396691597
2.28,1.56,0.088094863452
2.28,1.62,0.082903783576
2.28,1.68,0.077839992683
2.28,1.74,0.072918192002
2.28,1.8,0.068151225162
2.28,1.86,0.063550081774
2.28,1.92,0.059123921298
2.28,1.98,0.054880115546
2.28,2.04,0.050824308012
2.28,2.1,0.04696048806
2.28,2.16,0.043291077944
2.28,2.22,0.039817030532
2.28,2.28,0.036537935671
2.28,2.34,0.033452133084
2.28,2.4,0.030556829807
2.28,2.46,0.027848220248
2.28,2.52,0.025321607064
2.28,2.58,0.022971521205
2.28,2.64,0.020791839623
2.28,2.7,0.01877589932
2.28,2.76,0.016916606585
2.28,2.82,0.015206540445
2.28,2.88,0.013638049541
2.28,2.94,0.012203341826
2.28,3.0,0.010894566634
2.34,-2.94,0.011172711521
2.34,-2.88,0.012486251341
2.34,-2.82,0.013922275722
2.34,-2.76,0.015487918637
2.34,-2.7,0.017190185249
2.34,-2.64,0.019035869798
2.34,-2.58,0.021031466895
2.34,-2.52,0.023183076817
2.34,-2.46,0.025496305491
2.34,-2.4,0.02797616008
2.34,-2.34,0.030626941213
2.34,-2.28,0.033452133084
2.34,-2.22,0.036454292775
2.34,-2.16,0.039634940346
2.34,-2.1,0.042994451313
2.34,-2.04,0.046531953277
2.34,-1.98,0.05024522856
2.34,-1.92,0.054130624716
2.34,-1.86,0.058182974871
2.34,-1.8,0.062395529798
2.34,-1.74,0.066759903598
2.34,-1.68,0.071266034784
2.34,-1.62,0.075902164433
2.34,-1.56,0.080654832903
2.34,-1.5,0.085508896425
2.34,-1.44,0.090447564609
2.34,-1.38,0.095452459661
2.34,-1.32,0.100503697765
2.34,-1.26,0.105579992767
2.34,-1.2,0.11065878193
2.34,-1.14,0.115716373161
2.34,-1.08,0.120728112716
2.34,-1.02,0.125668572018
2.34,-0.96,0.130511751835
2.34,-0.9,0.135231301717
2.34,-0.84,0.139800752224
2.34,-0.78,0.144193757225
2.34,-0.72,0.148384343211
2.34,-0.66,0.152347162407
2.34,-0.6,0.156057746273
2.34,-0.54,0.159492755859
2.34,-0.48,0.162630225483
2.34,-0.42,0.16544979615
2.34,-0.36,0.16793293528
2.34,-0.3,0.170063139418
2.34,-0.24,0.171826116822
2.34,-0.18,0.173209947119
2.34,-0.12,0.174205215524
2.34,-0.06,0.174805119509
2.34,0.0,0.175005546235
2.34,0.06,0.174805119509
2.34,0.12,0.174205215524
2.34,0.18,0.173209947119
2.34,0.24,0.171826116822
2.34,0.3,0.170063139418
2.34,0.36,0.16793293528
2.34,0.42,0.16544979615
2.34,0.48,0.162630225483
2.34,0.54,0.159492755859
2.34,0.6,0.156057746273
2.34,0.66,0.152347162407
2.34,0.72,0.148384343211
2.34,0.78,0.144193757225
2.34,0.84,0.139800752224
2.34,0.9,0.135231301717
2.34,0.96,0.130511751835
2.34,1.02,0.125668572018
2.34,1.08,0.120728112716
2.34,1.14,0.115716373161
2.34,1.2,0.11065878193
2.34,1.26,0.105579992767
2.34,1.32,0.100503697765
2.34,1.38,0.095452459661
2.34,1.44,0.090447564609
2.34,1.5,0.085508896425
2.34,1.56,0.080654832903
2.34,1.62,0.075902164433
2.34,1.68,0.071266034784
2.34,1.74,0.066759903598
2.34,1.8,0.062395529798
2.34,1.86,0.058182974871
2.34,1.92,0.054130624716
2.34,1.98,0.05024522856
2.34,2.04,0.046531953277
2.34,2.1,0.042994451313
2.34,2.16,0.039634940346
2.34,2.22,0.036454292775
2.34,2.28,0.033452133084
2.34,2.34,0.030626941213
2.34,2.4,0.02797616008
2.34,2.46,0.025496305491
2.34,2.52,0.023183076817
2.34,2.58,0.021031466895
2.34,2.64,0.019035869798
2.34,2.7,0.017190185249
2.34,2.76,0.015487918637
2.34,2.82,0.013922275722
2.34,2.88,0.012486251341
2.34,2.94,0.011172711521
2.34,3.0,0.009974468624
2.4,-2.94,0.010205706273
2.4,-2.88,0.01140555839
2.4,-2.82,0.012717293952
2.4,-2.76,0.014147429482
2.4,-2.7,0.015702363843
2.4,-2.64,0.017388303227
2.4,-2.58,0.019211180133
2.4,-2.52,0.021176566856
2.4,-2.46,0.023289584124
2.4,-2.4,0.02555480573
2.4,-2.34,0.02797616008
2.4,-2.28,0.030556829807
2.4,-2.22,0.033299150678
2.4,-2.16,0.03620451119
2.4,-2.1,0.039273254357
2.4,-2.04,0.042504583289
2.4,-1.98,0.045896472248
2.4,-1.92,0.049445584909
2.4,-1.86,0.053147201595
2.4,-1.8,0.056995157229
2.4,-1.74,0.060981791716
2.4,-1.68,0.065097914398
2.4,-1.62,0.069332784093
2.4,-1.56,0.073674106101
2.4,-1.5,0.078108047355
2.4,-1.44,0.082619270684
2.4,-1.38,0.087190988904
2.4,-1.32,0.091805039155
2.4,-1.26,0.096441977614
2.4,-1.2,0.101081194362
2.4,-1.14,0.105701047873
2.4,-1.08,0.1102790182
2.4,-1.02,0.114791877624
2.4,-0.96,0.119215877165
2.4,-0.9,0.123526947019
2.4,-0.84,0.127700908695
2.4,-0.78,0.131713696335
2.4,-0.72,0.135541584453
2.4,-0.66,0.139161419141
2.4,-0.6,0.142550849626
2.4,-0.54,0.14568855696
2.4,-0.48,0.148554476604
2.4,-0.42,0.151130011646
2.4,-0.36,0.153398233514
2.4,-0.3,0.155344067136
2.4,-0.24,0.156954457731
2.4,-0.18,0.15821851664
2.4,-0.12,0.159127643936
2.4,-0.06,0.159675625851
2.4,0.0,0.159858705517
2.4,0.06,0.159675625851
2.4,0.12,0.159127643936
2.4,0.18,0.15821851664
2.4,0.24,0.156954457731
2.4,0.3,0.155344067136
2.4,0.36,0.153398233514
2.4,0.42,0.151130011646
2.4,0.48,0.148554476604
2.4,0.54,0.14568855696
2.4,0.6,0.142550849626
2.4,0.66,0.139161419141
2.4,0.72,0.135541584453
2.4,0.78,0.131713696335
2.4,0.84,0.127700908695
2.4,0.9,0.123526947019
2.4,0.96,0.119215877165
2.4,1.02,0.114791877624
2.4,1.08,0.1102790182
2.4,1.14,0.105701047873
2.4,1.2,0.101081194362
2.4,1.26,0.096441977614
2.4,1.32,0.091805039155
2.4,1.38,0.087190988904
2.4,1.44,0.082619270684
2.4,1.5,0.078108047355
2.4,1.56,0.073674106101
2.4,1.62,0.069332784093
2.4,1.68,0.065097914398
2.4,1.74,0.060981791716
2.4,1.8,0.056995157229
2.4,1.86,0.053147201595
2.4,1.92,0.049445584909
2.4,1.98,0.045896472248
2.4,2.04,0.042504583289
2.4,2.1,0.039273254357
2.4,2.16,0.03620451119
2.4,2.22,0.033299150678
2.4,2.28,0.030556829807
2.4,2.34,0.02797616008
2.4,2.4,0.02555480573
2.4,2.46,0.023289584124
2.4,2.52,0.021176566856
2.4,2.58,0.019211180133
2.4,2.64,0.017388303227
2.4,2.7,0.015702363843
2.4,2.76,0.014147429482
2.4,2.82,0.012717293952
2.4,2.88,0.01140555839
2.4,2.94,0.010205706273
2.4,3.0,0.009111172055
2.46,-2.94,0.009301055046
2.46,-2.88,0.010394550223
2.46,-2.82,0.011590011306
2.46,-2.76,0.012893377182
2.46,-2.7,0.014310479506
2.46,-2.64,0.015846974344
2.46,-2.58,0.01750826833
2.46,-2.52,0.019299439818
2.46,-2.46,0.021225155629
2.46,-2.4,0.023289584124
2.46,-2.34,0.025496305491
2.46,-2.28,0.027848220248
2.46,-2.22,0.030347457116
2.46,-2.16,0.032995281512
2.46,-2.1,0.035792006046
2.46,-2.04,0.038736904466
2.46,-1.98,0.041828130596
2.46,-1.92,0.045062643852
2.46,-1.86,0.048436142916
2.46,-1.8,0.051943009194
2.46,-1.74,0.055576261594
2.46,-1.68,0.059327524135
2.46,-1.62,0.06318700775
2.46,-1.56,0.067143507565
2.46,-1.5,0.071184416696
2.46,-1.44,0.075295757488
2.46,-1.38,0.079462230801
2.46,-1.32,0.083667283761
2.46,-1.26,0.087893196079
2.46,-1.2,0.092121184735
2.46,-1.14,0.096331526544
2.46,-1.08,0.100503697765
2.46,-1.02,0.104616529626
2.46,-0.96,0.108648378296
2.46,-0.9,0.112577307559
2.46,-0.84,0.116381282146
2.46,-0.78,0.120038369439
2.46,-0.72,0.123526947019
2.46,-0.66,0.126825913381
2.46,-0.6,0.129914898962
2.46,-0.54,0.132774474562
2.46,-0.48,0.135386354195
2.46,-0.42,0.137733589415
2.46,-0.36,0.139800752224
2.46,-0.3,0.141574103833
2.46,-0.24,0.143041746655
2.46,-0.18,0.144193757225
2.46,-0.12,0.145022297925
2.46,-0.06,0.145521705788
2.46,0.0,0.14568855696
2.46,0.06,0.145521705788
2.46,0.12,0.145022297925
2.46,0.18,0.144193757225
2.46,0.24,0.143041746655
2.46,0.3,0.141574103833
2.46,0.36,0.139800752224
2.46,0.42,0.137733589415
2.46,0.48,0.135386354195
2.46,0.54,0.132774474562
2.46,0.6,0.129914898962
2.46,0.66,0.126825913381
2.46,0.72,0.123526947019
2.46,0.78,0.120038369439
2.46,0.84,0.116381282146
2.46,0.9,0.112577307559
2.46,0.96,0.108648378296
2.46,1.02,0.104616529626
2.46,1.08,0.100503697765
2.46,1.14,0.096331526544
2.46,1.2,0.092121184735
2.46,1.26,0.087893196079
2.46,1.32,0.083667283761
2.46,1.38,0.079462230801
2.46,1.44,0.075295757488
2.46,1.5,0.071184416696
2.46,1.56,0.067143507565
2.46,1.62,0.06318700775
2.46,1.68,0.059327524135
2.46,1.74,0.055576261594
2.46,1.8,0.051943009194
2.46,1.86,0.048436142916
2.46,1.92,0.045062643852
2.46,1.98,0.041828130596
2.46,2.04,0.038736904466
2.46,2.1,0.035792006046
2.46,2.16,0.032995281512
2.46,2.22,0.030347457116
2.46,2.28,0.027848220248
2.46,2.34,0.025496305491
2.46,2.4,0.023289584124
2.46,2.46,0.021225155629
2.46,2.52,0.019299439818
2.46,2.58,0.01750826833
2.46,2.64,0.015846974344
2.46,2.7,0.014310479506
2.46,2.76,0.012893377182
2.46,2.82,0.011590011306
2.46,2.88,0.010394550223
2.46,2.94,0.009301055046
2.46,3.0,0.00830354221
2.52,-2.94,0.008457188972
2.52,-2.88,0.009451473524
2.52,-2.82,0.01053847282
2.52,-2.76,0.011723586923
2.52,-2.7,0.013012118395
2.52,-2.64,0.014409210138
2.52,-2.58,0.015919778251
2.52,-2.52,0.017548440342
2.52,-2.46,0.019299439818
2.52,-2.4,0.021176566856
2.52,-2.34,0.023183076817
2.52,-2.28,0.025321607064
2.52,-2.22,0.027594093183
2.52,-2.16,0.030001685781
2.52,-2.1,0.032544669106
2.52,-2.04,0.035222382796
2.52,-1.98,0.038033148179
2.52,-1.92,0.040974200532
2.52,-1.86,0.044041628791
2.52,-1.8,0.047230324123
2.52,-1.74,0.050533938818
2.52,-1.68,0.05394485683
2.52,-1.62,0.057454177236
2.52,-1.56,0.061051711755
2.52,-1.5,0.064725997304
2.52,-1.44,0.06846432439
2.52,-1.38,0.072252781933
2.52,-1.32,0.07607631887
2.52,-1.26,0.079918822636
2.52,-1.2,0.08376321436
2.52,-1.14,0.087591560298
2.52,-1.08,0.091385198791
2.52,-1.02,0.095124881664
2.52,-0.96,0.098790928788
2.52,-0.9,0.102363394177
2.52,-0.84,0.105822241777
2.52,-0.78,0.109147528873
2.52,-0.72,0.112319594805
2.52,-0.66,0.115319252564
2.52,-0.6,0.118127980676
2.52,-0.54,0.120728112716
2.52,-0.48,0.123103021747
2.52,-0.42,0.125237297022
2.52,-0.36,0.127116910295
2.52,-0.3,0.128729369267
2.52,-0.24,0.1300638558
2.52,-0.18,0.131111346761
2.52,-0.12,0.131864715624
2.52,-0.06,0.132318813213
2.52,0.0,0.132470526313
2.52,0.06,0.132318813213
2.52,0.12,0.131864715624
2.52,0.18,0.131111346761
2.52,0.24,0.1300638558
2.52,0.3,0.128729369267
2.52,0.36,0.127116910295
2.52,0.42,0.125237297022
2.52,0.48,0.123103021747
2.52,0.54,0.120728112716
2.52,0.6,0.118127980676
2.52,0.66,0.115319252564
2.52,0.72,0.112319594805
2.52,0.78,0.109147528873
2.52,0.84,0.105822241777
2.52,0.9,0.102363394177
2.52,0.96,0.098790928788
2.52,1.02,0.095124881664
2.52,1.08,0.091385198791
2.52,1.14,0.087591560298
2.52,1.2,0.08376321436
2.52,1.26,0.079918822636
2.52,1.32,0.07607631887
2.52,1.38,0.072252781933
2.52,1.44,0.06846432439
2.52,1.5,0.064725997304
2.52,1.56,0.061051711755
2.52,1.62,0.057454177236
2.52,1.68,0.05394485683
2.52,1.74,0.050533938818
2.52,1.8,0.047230324123
2.52,1.86,0.044041628791
2.52,1.92,0.040974200532
2.52,1.98,0.038033148179
2.52,2.04,0.035222382796
2.52,2.1,0.032544669106
2.52,2.16,0.030001685781
2.52,2.22,0.027594093183
2.52,2.28,0.025321607064
2.52,2.34,0.023183076817
2.52,2.4,0.021176566856
2.52,2.46,0.019299439818
2.52,2.52,0.017548440342
2.52,2.58,0.015919778251
2.52,2.64,0.014409210138
2.52,2.7,0.013012118395
2.52,2.76,0.011723586923
2.52,2.82,0.01053847282
2.52,2.88,0.009451473524
2.52,2.94,0.008457188972
2.52,3.0,0.007550178475
2.58,-2.94,0.007672281436
2.58,-2.88,0.008574286929
2.58,-2.82,0.009560402357
2.58,-2.76,0.010635526604
2.58,-2.7,0.011804470106
2.58,-2.64,0.013071898453
2.58,-2.58,0.014442271486
2.58,-2.52,0.015919778251
2.58,-2.46,0.01750826833
2.58,-2.4,0.019211180133
2.58,-2.34,0.021031466895
2.58,-2.28,0.022971521205
2.58,-2.22,0.025033099008
2.58,-2.16,0.027217244125
2.58,-2.1,0.029524214422
2.58,-2.04,0.031953410826
2.58,-1.98,0.03450331046
2.58,-1.92,0.037171405196
2.58,-1.86,0.039954146951
2.58,-1.8,0.042846901042
2.58,-1.74,0.045843908887
2.58,-1.68,0.048938261281
2.58,-1.62,0.052121883392
2.58,-1.56,0.055385532507
2.58,-1.5,0.058718809427
2.58,-1.44,0.06211018422
2.58,-1.38,0.065547036888
2.58,-1.32,0.069015713248
2.58,-1.26,0.072501596136
2.58,-1.2,0.07598919176
2.58,-1.14,0.079462230801
2.58,-1.08,0.082903783576
2.58,-1.02,0.086296388327
2.58,-0.96,0.089622191426
2.58,-0.9,0.092863098064
2.58,-0.84,0.096000931726
2.58,-0.78,0.099017600567
2.58,-0.72,0.101895268624
2.58,-0.66,0.104616529626
2.58,-0.6,0.107164581069
2.58,-0.54,0.109523396136
2.58,-0.48,0.111677891032
2.58,-0.42,0.113614085271
2.58,-0.36,0.115319252564
2.58,-0.3,0.116782060015
2.58,-0.24,0.11799269351
2.58,-0.18,0.118942967352
2.58,-0.12,0.119626416423
2.58,-0.06,0.120038369439
2.58,0.0,0.12017600212
2.58,0.06,0.120038369439
2.58,0.12,0.119626416423
2.58,0.18,0.118942967352
2.58,0.24,0.11799269351
2.58,0.3,0.116782060015
2.58,0.36,0.115319252564
2.58,0.42,0.113614085271
2.58,0.48,0.111677891032
2.58,0.54,0.109523396136
2.58,0.6,0.107164581069
2.58,0.66,0.104616529626
2.58,0.72,0.101895268624
2.58,0.78,0.099017600567
2.58,0.84,0.096000931726
2.58,0.9,0.092863098064
2.58,0.96,0.089622191426
2.58,1.02,0.086296388327
2.58,1.08,0.082903783576
2.58,1.14,0.079462230801
2.58,1.2,0.07598919176
2.58,1.26,0.072501596136
2.58,1.32,0.069015713248
2.58,1.38,0.065547036888
2.58,1.44,0.06211018422
2.58,1.5,0.058718809427
2.58,1.56,0.055385532507
2.58,1.62,0.052121883392
2.58,1.68,0.048938261281
2.58,1.74,0.045843908887
2.58,1.8,0.042846901042
2.58,1.86,0.039954146951
2.58,1.92,0.037171405196
2.58,1.98,0.03450331046
2.58,2.04,0.031953410826
2.58,2.1,0.029524214422
2.58,2.16,0.027217244125
2.58,2.22,0.025033099008
2.58,2.28,0.022971521205
2.58,2.34,0.021031466895
2.58,2.4,0.019211180133
2.58,2.46,0.01750826833
2.58,2.52,0.015919778251
2.58,2.58,0.014442271486
2.58,2.64,0.013071898453
2.58,2.7,0.011804470106
2.58,2.76,0.010635526604
2.58,2.82,0.009560402357
2.58,2.88,0.008574286929
2.58,2.94,0.007672281436
2.58,3.0,0.006849450136
2.64,-2.94,0.006944287395
2.64,-2.88,0.007760704967
2.64,-2.82,0.008653251596
2.64,-2.76,0.009626361332
2.64,-2.7,0.010684388164
2.64,-2.64,0.011831554984
2.64,-2.58,0.013071898453
2.64,-2.52,0.014409210138
2.64,-2.46,0.015846974344
2.64,-2.4,0.017388303227
2.64,-2.34,0.019035869798
2.64,-2.28,0.020791839623
2.64,-2.22,0.022657802031
2.64,-2.16,0.024634701802
2.64,-2.1,0.02672277233
2.64,-2.04,0.028921471389
2.64,-1.98,0.0312294206
2.64,-1.92,0.033644349822
2.64,-1.86,0.036163047638
2.64,-1.8,0.038781319131
2.64,-1.74,0.041493952131
2.64,-1.68,0.044294693019
2.64,-1.62,0.047176233156
2.64,-1.56,0.050130206834
2.64,-1.5,0.053147201595
2.64,-1.44,0.05621678154
2.64,-1.38,0.059327524135
2.64,-1.32,0.062467070791
2.64,-1.26,0.065622191311
2.64,-1.2,0.068778862053
2.64,-1.14,0.071922357432
2.64,-1.08,0.075037354158
2.64,-1.02,0.078108047355
2.64,-0.96,0.081118277458
2.64,-0.9,0.084051666608
2.64,-0.84,0.086891762989
2.64,-0.78,0.089622191426
2.64,-0.72,0.092226808343
2.64,-0.66,0.094689859084
2.64,-0.6,0.096996135471
2.64,-0.54,0.099131131415
2.64,-0.48,0.101081194362
2.64,-0.42,0.102833670384
2.64,-0.36,0.104377040741
2.64,-0.3,0.105701047873
2.64,-0.24,0.106796808892
2.64,-0.18,0.107656914809
2.64,-0.12,0.108275513958
2.64,-0.06,0.108648378296
2.64,0.0,0.108772951528
2.64,0.06,0.108648378296
2.64,0.12,0.108275513958
2.64,0.18,0.107656914809
2.64,0.24,0.106796808892
2.64,0.3,0.105701047873
2.64,0.36,0.104377040741
2.64,0.42,0.102833670384
2.64,0.48,0.101081194362
2.64,0.54,0.099131131415
2.64,0.6,0.096996135471
2.64,0.66,0.094689859084
2.64,0.72,0.092226808343
2.64,0.78,0.089622191426
2.64,0.84,0.086891762989
2.64,0.9,0.084051666608
2.64,0.96,0.081118277458
2.64,1.02,0.078108047355
2.64,1.08,0.075037354158
2.64,1.14,0.071922357432
2.64,1.2,0.068778862053
2.64,1.26,0.065622191311
2.64,1.32,0.062467070791
2.64,1.38,0.059327524135
2.64,1.44,0.05621678154
2.64,1.5,0.053147201595
2.64,1.56,0.050130206834
2.64,1.62,0.047176233156
2.64,1.68,0.044294693019
2.64,1.74,0.041493952131
2.64,1.8,0.038781319131
2.64,1.86,0.036163047638
2.64,1.92,0.033644349822
2.64,1.98,0.0312294206
2.64,2.04,0.028921471389
2.64,2.1,0.02672277233
2.64,2.16,0.024634701802
2.64,2.22,0.022657802031
2.64,2.28,0.020791839623
2.64,2.34,0.019035869798
2.64,2.4,0.017388303227
2.64,2.46,0.015846974344
2.64,2.52,0.014409210138
2.64,2.58,0.013071898453
2.64,2.64,0.011831554984
2.64,2.7,0.010684388164
2.64,2.76,0.009626361332
2.64,2.82,0.008653251596
2.64,2.88,0.007760704967
2.64,2.94,0.006944287395
2.64,3.0,0.006199531475
2.7,-2.94,0.006270981469
2.7,-2.88,0.007008240625
2.7,-2.82,0.007814247498
2.7,-2.76,0.008693006221
2.7,-2.7,0.009648448627
2.7,-2.64,0.010684388164
2.7,-2.58,0.011804470106
2.7,-2.52,0.013012118395
2.7,-2.46,0.014310479506
2.7,-2.4,0.015702363843
2.7,-2.34,0.017190185249
2.7,-2.28,0.01877589932
2.7,-2.22,0.020460941286
2.7,-2.16,0.022246164322
2.7,-2.1,0.024131779194
2.7,-2.04,0.026117296249
2.7,-1.98,0.028201470752
2.7,-1.92,0.030382252673
2.7,-1.86,0.032656741966
2.7,-1.8,0.035021150447
2.7,-1.74,0.037470771309
2.7,-1.68,0.039999957273
2.7,-1.62,0.042602108332
2.7,-1.56,0.045269669903
2.7,-1.5,0.047994142144
2.7,-1.44,0.050766101001
2.7,-1.38,0.05357523145
2.7,-1.32,0.056410373168
2.7,-1.26,0.059259578737
2.7,-1.2,0.06211018422
2.7,-1.14,0.0649488918
2.7,-1.08,0.067761863908
2.7,-1.02,0.070534828078
2.7,-0.96,0.07325319155
2.7,-0.9,0.075902164433
2.7,-0.84,0.07846689005
2.7,-0.78,0.080932580935
2.7,-0.72,0.083284658763
2.7,-0.66,0.085508896425
2.7,-0.6,0.087591560298
2.7,-0.54,0.08951955078
2.7,-0.48,0.091280539044
2.7,-0.42,0.092863098064
2.7,-0.36,0.094256825938
2.7,-0.3,0.095452459661
2.7,-0.24,0.096441977614
2.7,-0.18,0.097218689169
2.7,-0.12,0.09777731003
2.7,-0.06,0.098114022096
2.7,0.0,0.098226516926
2.7,0.06,0.098114022096
2.7,0.12,0.09777731003
2.7,0.18,0.097218689169
2.7,0.24,0.096441977614
2.7,0.3,0.095452459661
2.7,0.36,0.094256825938
2.7,0.42,0.092863098064
2.7,0.48,0.091280539044
2.7,0.54,0.08951955078
2.7,0.6,0.087591560298
2.7,0.66,0.085508896425
2.7,0.72,0.083284658763
2.7,0.78,0.080932580935
2.7,0.84,0.07846689005
2.7,0.9,0.075902164433
2.7,0.96,0.07325319155
2.7,1.02,0.070534828078
2.7,1.08,0.067761863908
2.7,1.14,0.0649488918
2.7,1.2,0.06211018422
2.7,1.26,0.059259578737
2.7,1.32,0.056410373168
2.7,1.38,0.05357523145
2.7,1.44,0.050766101001
2.7,1.5,0.047994142144
2.7,1.56,0.045269669903
2.7,1.62,0.042602108332
2.7,1.68,0.039999957273
2.7,1.74,0.037470771309
2.7,1.8,0.035021150447
2.7,1.86,0.032656741966
2.7,1.92,0.030382252673
2.7,1.98,0.028201470752
2.7,2.04,0.026117296249
2.7,2.1,0.024131779194
2.7,2.16,0.022246164322
2.7,2.22,0.020460941286
2.7,2.28,0.01877589932
2.7,2.34,0.017190185249
2.7,2.4,0.015702363843
2.7,2.46,0.014310479506
2.7,2.52,0.013012118395
2.7,2.58,0.011804470106
2.7,2.64,0.010684388164
2.7,2.7,0.009648448627
2.7,2.76,0.008693006221
2.7,2.82,0.007814247498
2.7,2.88,0.007008240625
2.7,2.94,0.006270981469
2.7,3.0,0.005598435776
2.76,-2.94,0.005649994421
2.76,-2.88,0.006314246124
2.76,-2.82,0.007040437767
2.76,-2.76,0.007832176972
2.76,-2.7,0.008693006221
2.76,-2.64,0.009626361332
2.76,-2.58,0.010635526604
2.76,-2.52,0.011723586923
2.76,-2.46,0.012893377182
2.76,-2.4,0.014147429482
2.76,-2.34,0.015487918637
2.76,-2.28,0.016916606585
2.76,-2.22,0.018434786436
2.76,-2.16,0.020043226876
2.76,-2.1,0.021742117801
2.76,-2.04,0.023531018045
2.76,-1.98,0.025408806136
2.76,-1.92,0.027373635046
2.76,-1.86,0.02942289191
2.76,-1.8,0.03155316367
2.76,-1.74,0.033760209611
2.76,-1.68,0.036038941682
2.76,-1.62,0.038383413443
2.76,-1.56,0.040786818408
2.76,-1.5,0.043241498435
2.76,-1.44,0.045738962693
2.76,-1.38,0.048269917606
2.76,-1.32,0.050824308012
2.76,-1.26,0.053391369587
2.76,-1.2,0.05595969245
2.76,-1.14,0.058517295605
2.76,-1.08,0.061051711755
2.76,-1.02,0.063550081774
2.76,-0.96,0.065999257957
2.76,-0.9,0.068385914987
2.76,-0.84,0.070696667379
2.76,-0.78,0.072918192002
2.76,-0.72,0.075037354158
2.76,-0.66,0.077041335583
2.76,-0.6,0.078917762635
2.76,-0.54,0.080654832903
2.76,-0.48,0.082241438432
2.76,-0.42,0.083667283761
2.76,-0.36,0.084922997041
2.76,-0.3,0.086000232542
2.76,-0.24,0.086891762989
2.76,-0.18,0.087591560298
2.76,-0.12,0.088094863452
2.76,-0.06,0.088398232438
2.76,0.0,0.088499587412
2.76,0.06,0.088398232438
2.76,0.12,0.088094863452
2.76,0.18,0.087591560298
2.76,0.24,0.086891762989
2.76,0.3,0.086000232542
2.76,0.36,0.084922997041
2.76,0.42,0.083667283761
2.76,0.48,0.082241438432
2.76,0.54,0.080654832903
2.76,0.6,0.078917762635
2.76,0.66,0.077041335583
2.76,0.72,0.075037354158
2.76,0.78,0.072918192002
2.76,0.84,0.070696667379
2.76,0.9,0.068385914987
2.76,0.96,0.065999257957
2.76,1.02,0.063550081774
2.76,1.08,0.061051711755
2.76,1.14,0.058517295605
2.76,1.2,0.05595969245
2.76,1.26,0.053391369587
2.76,1.32,0.050824308012
2.76,1.38,0.048269917606
2.76,1.44,0.045738962693
2.76,1.5,0.043241498435
2.76,1.56,0.040786818408
2.76,1.62,0.038383413443
2.76,1.68,0.036038941682
2.76,1.74,0.033760209611
2.76,1.8,0.03155316367
2.76,1.86,0.02942289191
2.76,1.92,0.027373635046
2.76,1.98,0.025408806136
2.76,2.04,0.023531018045
2.76,2.1,0.021742117801
2.76,2.16,0.020043226876
2.76,2.22,0.018434786436
2.76,2.28,0.016916606585
2.76,2.34,0.015487918637
2.76,2.4,0.014147429482
2.76,2.46,0.012893377182
2.76,2.52,0.011723586923
2.76,2.58,0.010635526604
2.76,2.64,0.009626361332
2.76,2.7,0.008693006221
2.76,2.76,0.007832176972
2.76,2.82,0.007040437767
2.76,2.88,0.006314246124
2.76,2.94,0.005649994421
2.76,3.0,0.005044047899
2.82,-2.94,0.005078847714
2.82,-2.88,0.005675951532
2.82,-2.82,0.006328733905
2.82,-2.76,0.007040437767
2.82,-2.7,0.007814247498
2.82,-2.64,0.008653251596
2.82,-2.58,0.009560402357
2.82,-2.52,0.01053847282
2.82,-2.46,0.011590011306
2.82,-2.4,0.012717293952
2.82,-2.34,0.013922275722
2.82,-2.28,0.015206540445
2.82,-2.22,0.016571250512
2.82,-2.16,0.018017096904
2.82,-2.1,0.019544250322
2.82,-2.04,0.021152314196
2.82,-1.98,0.02284028042
2.82,-1.92,0.024606488681
2.82,-1.86,0.026448590241
2.82,-1.8,0.028363517062
2.82,-1.74,0.030347457116
2.82,-1.68,0.03239583669
2.82,-1.62,0.03450331046
2.82,-1.56,0.036663759993
2.82,-1.5,0.038870301295
2.82,-1.44,0.041115301854
2.82,-1.38,0.043390407566
2.82,-1.32,0.045686579721
2.82,-1.26,0.047994142144
2.82,-1.2,0.050302838352
2.82,-1.14,0.052601898487
2.82,-1.08,0.054880115546
2.82,-1.02,0.057125930305
2.82,-0.96,0.059327524135
2.82,-0.9,0.061472918749
2.82,-0.84,0.063550081774
2.82,-0.78,0.065547036888
2.82,-0.72,0.067451977153
2.82,-0.66,0.069253380078
2.82,-0.6,0.070940122849
2.82,-0.54,0.072501596136
2.82,-0.48,0.073927814865
2.82,-0.42,0.075209524323
2.82,-0.36,0.076338300044
2.82,-0.3,0.077306639949
2.82,-0.24,0.078108047355
2.82,-0.18,0.078737103545
2.82,-0.12,0.079189528782
2.82,-0.06,0.079462230801
2.82,0.0,0.079553340002
2.82,0.06,0.079462230801
2.82,0.12,0.079189528782
2.82,0.18,0.078737103545
2.82,0.24,0.078108047355
2.82,0.3,0.077306639949
2.82,0.36,0.076338300044
2.82,0.42,0.075209524323
2.82,0.48,0.073927814865
2.82,0.54,0.072501596136
2.82,0.6,0.070940122849
2.82,0.66,0.069253380078
2.82,0.72,0.067451977153
2.82,0.78,0.065547036888
2.82,0.84,0.063550081774
2.82,0.9,0.061472918749
2.82,0.96,0.059327524135
2.82,1.02,0.057125930305
2.82,1.08,0.054880115546
2.82,1.14,0.052601898487
2.82,1.2,0.050302838352
2.82,1.26,0.047994142144
2.82,1.32,0.045686579721
2.82,1.38,0.043390407566
2.82,1.44,0.041115301854
2.82,1.5,0.038870301295
2.82,1.56,0.036663759993
2.82,1.62,0.03450331046
2.82,1.68,0.03239583669
2.82,1.74,0.030347457116
2.82,1.8,0.028363517062
2.82,1.86,0.026448590241
2.82,1.92,0.024606488681
2.82,1.98,0.02284028042
2.82,2.04,0.021152314196
2.82,2.1,0.019544250322
2.82,2.16,0.018017096904
2.82,2.22,0.016571250512
2.82,2.28,0.015206540445
2.82,2.34,0.013922275722
2.82,2.4,0.012717293952
2.82,2.46,0.011590011306
2.82,2.52,0.01053847282
2.82,2.58,0.009560402357
2.82,2.64,0.008653251596
2.82,2.7,0.007814247498
2.82,2.76,0.007040437767
2.82,2.82,0.006328733905
2.82,2.88,0.005675951532
2.82,2.94,0.005078847714
2.82,3.0,0.004534155121
2.88,-2.94,0.004554985862
2.88,-2.88,0.005090500924
2.88,-2.82,0.005675951532
2.88,-2.76,0.006314246124
2.88,-2.7,0.007008240625
2.88,-2.64,0.007760704967
2.88,-2.58,0.008574286929
2.88,-2.52,0.009451473524
2.88,-2.46,0.010394550223
2.88,-2.4,0.01140555839
2.88,-2.34,0.012486251341
2.88,-2.28,0.013638049541
2.88,-2.22,0.014861995485
2.88,-2.16,0.016158708883
2.88,-2.1,0.017528342827
2.88,-2.04,0.018970541653
2.88,-1.98,0.020484401237
2.88,-1.92,0.022068432519
2.88,-1.86,0.023720529025
2.88,-1.8,0.025437939172
2.88,-1.74,0.027217244125
2.88,-1.68,0.029054341933
2.88,-1.62,0.030944438617
2.88,-1.56,0.032882046838
2.88,-1.5,0.034860992653
2.88,-1.44,0.036874430815
2.88,-1.38,0.03891486891
2.88,-1.32,0.040974200532
2.88,-1.26,0.043043747564
2.88,-1.2,0.045114311436
2.88,-1.14,0.047176233156
2.88,-1.08,0.049219461675
2.88,-1.02,0.051233630055
2.88,-0.96,0.05320813871
2.88,-0.9,0.055132244863
2.88,-0.84,0.056995157229
2.88,-0.78,0.058786134793
2.88,-0.72,0.060494588456
2.88,-0.66,0.06211018422
2.88,-0.6,0.063622946544
2.88,-0.54,0.065023360407
2.88,-0.48,0.066302470653
2.88,-0.42,0.067451977153
2.88,-0.36,0.06846432439
2.88,-0.3,0.069332784093
2.88,-0.24,0.070051529684
2.88,-0.18,0.070615701365
2.88,-0.12,0.071021460836
2.88,-0.06,0.071266034784
2.88,0.0,0.071347746453
2.88,0.06,0.071266034784
2.88,0.12,0.071021460836
2.88,0.18,0.070615701365
2.88,0.24,0.070051529684
2.88,0.3,0.069332784093
2.88,0.36,0.06846432439
2.88,0.42,0.067451977153
2.88,0.48,0.066302470653
2.88,0.54,0.065023360407
2.88,0.6,0.063622946544
2.88,0.66,0.06211018422
2.88,0.72,0.060494588456
2.88,0.78,0.058786134793
2.88,0.84,0.056995157229
2.88,0.9,0.055132244863
2.88,0.96,0.05320813871
2.88,1.02,0.051233630055
2.88,1.08,0.049219461675
2.88,1.14,0.047176233156
2.88,1.2,0.045114311436
2.88,1.26,0.043043747564
2.88,1.32,0.040974200532
2.88,1.38,0.03891486891
2.88,1.44,0.036874430815
2.88,1.5,0.034860992653
2.88,1.56,0.032882046838
2.88,1.62,0.030944438617
2.88,1.68,0.029054341933
2.88,1.74,0.027217244125
2.88,1.8,0.025437939172
2.88,1.86,0.023720529025
2.88,1.92,0.022068432519
2.88,1.98,0.020484401237
2.88,2.04,0.018970541653
2.88,2.1,0.017528342827
2.88,2.16,0.016158708883
2.88,2.22,0.014861995485
2.88,2.28,0.013638049541
2.88,2.34,0.012486251341
2.88,2.4,0.01140555839
2.88,2.46,0.010394550223
2.88,2.52,0.009451473524
2.88,2.58,0.008574286929
2.88,2.64,0.007760704967
2.88,2.7,0.007008240625
2.88,2.76,0.006314246124
2.88,2.82,0.005675951532
2.88,2.88,0.005090500924
2.88,2.94,0.004554985862
2.88,3.0,0.004066476027
2.94,-2.94,0.004075806391
2.94,-2.88,0.004554985862
2.94,-2.82,0.005078847714
2.94,-2.76,0.005649994421
2.94,-2.7,0.006270981469
2.94,-2.64,0.006944287395
2.94,-2.58,0.007672281436
2.94,-2.52,0.008457188972
2.94,-2.46,0.009301055046
2.94,-2.4,0.010205706273
2.94,-2.34,0.011172711521
2.94,-2.28,0.012203341826
2.94,-2.22,0.013298530012
2.94,-2.16,0.014458830596
2.94,-2.1,0.015684380565
2.94,-2.04,0.016974861671
2.94,-1.98,0.018329464902
2.94,-1.92,0.019746857847
2.94,-1.86,0.021225155629
2.94,-1.8,0.02276189613
2.94,-1.74,0.024354020172
2.94,-1.68,0.025997857324
2.94,-1.62,0.027689117929
2.94,-1.56,0.02942289191
2.94,-1.5,0.031193654816
2.94,-1.44,0.032995281512
2.94,-1.38,0.034821067778
2.94,-1.32,0.036663759993
2.94,-1.26,0.038515592968
2.94,-1.2,0.040368335813
2.94,-1.14,0.04221334565
2.94,-1.08,0.044041628791
2.94,-1.02,0.045843908887
2.94,-0.96,0.047610701417
2.94,-0.9,0.049332393733
2.94,-0.84,0.05099932978
2.94,-0.78,0.052601898487
2.94,-0.72,0.054130624716
2.94,-0.66,0.055576261594
2.94,-0.6,0.056929882996
2.94,-0.54,0.058182974871
2.94,-0.48,0.059327524135
2.94,-0.42,0.060356103824
2.94,-0.36,0.061261953252
2.94,-0.3,0.062039051955
2.94,-0.24,0.062682186306
2.94,-0.18,0.06318700775
2.94,-0.12,0.063550081774
2.94,-0.06,0.063768926814
2.94,0.0,0.063842042506
2.94,0.06,0.063768926814
2.94,0.12,0.063550081774
2.94,0.18,0.06318700775
2.94,0.24,0.062682186306
2.94,0.3,0.062039051955
2.94,0.36,0.061261953252
2.94,0.42,0.060356103824
2.94,0.48,0.059327524135
2.94,0.54,0.058182974871
2.94,0.6,0.056929882996
2.94,0.66,0.055576261594
2.94,0.72,0.054130624716
2.94,0.78,0.052601898487
2.94,0.84,0.05099932978
2.94,0.9,0.049332393733
2.94,0.96,0.047610701417
2.94,1.02,0.045843908887
2.94,1.08,0.044041628791
2.94,1.14,0.04221334565
2.94,1.2,0.040368335813
2.94,1.26,0.038515592968
2.94,1.32,0.036663759993
2.94,1.38,0.034821067778
2.94,1.44,0.032995281512
2.94,1.5,0.031193654816
2.94,1.56,0.02942289191
2.94,1.62,0.027689117929
2.94,1.68,0.025997857324
2.94,1.74,0.024354020172
2.94,1.8,0.02276189613
2.94,1.86,0.021225155629
2.94,1.92,0.019746857847
2.94,1.98,0.018329464902
2.94,2.04,0.016974861671
2.94,2.1,0.015684380565
2.94,2.16,0.014458830596
2.94,2.22,0.013298530012
2.94,2.28,0.012203341826
2.94,2.34,0.011172711521
2.94,2.4,0.010205706273
2.94,2.46,0.009301055046
2.94,2.52,0.008457188972
2.94,2.58,0.007672281436
2.94,2.64,0.006944287395
2.94,2.7,0.006270981469
2.94,2.76,0.005649994421
2.94,2.82,0.005078847714
2.94,2.88,0.004554985862
2.94,2.94,0.004075806391
2.94,3.0,0.00363868725
